"","Type","Subpopulation","Indicator","Statistic","NResp","Estimate","StdError","LCB95Pct","UCB95Pct"
"1","Combined","All Basins","Water_Temperature","5Pct",5,26.8631847004594,"",26.254396984666,27.1185054754047
"2","Combined","All Basins","Water_Temperature","10Pct",9,27.163078020269,"",26.556522388779,27.5044743370884
"3","Combined","All Basins","Water_Temperature","25Pct",20,27.8769351076716,"",27.3427286715359,28.7263328195824
"4","Combined","All Basins","Water_Temperature","50Pct",53,29.4332699191848,"",28.5047483957289,29.5596744832234
"5","Combined","All Basins","Water_Temperature","75Pct",62,29.6934780093858,"",29.4467645877161,31.3947364083017
"6","Combined","All Basins","Water_Temperature","90Pct",72,30.2298973139743,"",29.699657103191,31.2683358791252
"7","Combined","All Basins","Water_Temperature","95Pct",79,31.0155771094316,"",30.3047546256686,32.2242402324565
"8","Combined","All Basins","Water_Temperature","Mean",88,28.9606971631027,"0.124112532538326",28.7174410692975,29.2039532569079
"9","Combined","All Basins","Water_Temperature","Variance",88,1.20128271966277,"0.177696107902488",0.85300474798095,1.54956069134459
"10","Combined","All Basins","Water_Temperature","Std. Deviation",88,0.937336835402512,"0.0676001423667996",0.804842991013805,1.06983067979122
"11","Basin","ZONE 1","Water_Temperature","5Pct",0,26.8492813246246,"",26.8441270595566,26.8544355896927
"12","Basin","ZONE 1","Water_Temperature","10Pct",1,27.9378025372484,"",25.3,28.8183896562225
"13","Basin","ZONE 1","Water_Temperature","25Pct",3,28.8733289764284,"",27.9502499913806,29.5140496555006
"14","Basin","ZONE 1","Water_Temperature","50Pct",6,29.6212375102388,"",29.4060903172395,30.8601824071215
"15","Basin","ZONE 1","Water_Temperature","75Pct",10,30.8962061250268,"",29.6762830961345,31.4373167503453
"16","Basin","ZONE 1","Water_Temperature","90Pct",13,31.4323884579956,"",31.2343833851483,31.6
"17","Basin","ZONE 1","Water_Temperature","95Pct",14,31.4905491887439,"",31.4058875844779,31.6
"18","Basin","ZONE 1","Water_Temperature","Mean",15,29.7760005968498,"0.257108793873669",29.2720766207489,30.2799245729507
"19","Basin","ZONE 1","Water_Temperature","Variance",15,1.6751016896129,"0.35159815431966",0.98598197011561,2.36422140911019
"20","Basin","ZONE 1","Water_Temperature","Std. Deviation",15,1.2942571960831,"0.135830094429347",1.02803510298491,1.5604792891813
"21","Basin","ZONE 2","Water_Temperature","5Pct",0,26.1854983083637,"",26.1723162226231,26.1986803941043
"22","Basin","ZONE 2","Water_Temperature","10Pct",1,26.8934448947998,"",25.4347976199287,27.5710310427173
"23","Basin","ZONE 2","Water_Temperature","25Pct",3,27.5977194310765,"",26.8825638741212,28.3778760914797
"24","Basin","ZONE 2","Water_Temperature","50Pct",7,28.4285994479195,"",27.5997687632244,29.2530734098393
"25","Basin","ZONE 2","Water_Temperature","75Pct",11,29.2667356241589,"",28.4692120084366,30.1527455679597
"26","Basin","ZONE 2","Water_Temperature","90Pct",13,29.9549666290792,"",29.266111952832,30.2
"27","Basin","ZONE 2","Water_Temperature","95Pct",14,30.1564899887237,"",29.8534796782918,30.2
"28","Basin","ZONE 2","Water_Temperature","Mean",15,28.4834345489703,"0.249596781539108",27.9942338464965,28.972635251444
"29","Basin","ZONE 2","Water_Temperature","Variance",15,1.19678774993068,"0.309045977433735",0.591068764593578,1.80250673526778
"30","Basin","ZONE 2","Water_Temperature","Std. Deviation",15,1.09397794764368,"0.141248723568601",0.817135536586968,1.37082035870039
"31","Basin","ZONE 3","Water_Temperature","5Pct",0,26.6977305286584,"",26.6854700772348,26.7099909800821
"32","Basin","ZONE 3","Water_Temperature","10Pct",1,27.0508617534094,"",26.5048903434807,27.2063319758862
"33","Basin","ZONE 3","Water_Temperature","25Pct",3,27.3405064171885,"",26.6985256658994,27.8033240754841
"34","Basin","ZONE 3","Water_Temperature","50Pct",7,27.8637619519266,"",27.353854654128,28.9044159437184
"35","Basin","ZONE 3","Water_Temperature","75Pct",11,28.9159481443525,"",28.2067722522414,30.326042084573
"36","Basin","ZONE 3","Water_Temperature","90Pct",13,30.0280892954329,"",28.7837239136337,30.361
"37","Basin","ZONE 3","Water_Temperature","95Pct",14,30.3109520238665,"",29.6352201708993,30.361
"38","Basin","ZONE 3","Water_Temperature","Mean",15,28.2660822668959,"0.27113218778503",27.7346729437877,28.7974915900041
"39","Basin","ZONE 3","Water_Temperature","Variance",15,1.17551908797643,"0.290336003109808",0.606470978465896,1.74456719748696
"40","Basin","ZONE 3","Water_Temperature","Std. Deviation",15,1.08421358042428,"0.133892439807013",0.821789220600333,1.34663794024822
"41","Basin","ZONE 4","Water_Temperature","5Pct",1,25.3,"",25.3,26.4427818874128
"42","Basin","ZONE 4","Water_Temperature","10Pct",1,26.3417620584534,"",25.3,26.9129852226543
"43","Basin","ZONE 4","Water_Temperature","25Pct",3,26.9535225432646,"",26.3558823390239,27.5419751301041
"44","Basin","ZONE 4","Water_Temperature","50Pct",7,28.0027795406783,"",26.9541035874409,29.7241645691194
"45","Basin","ZONE 4","Water_Temperature","75Pct",10,29.724452875172,"",28.0395792130094,32.3636572501795
"46","Basin","ZONE 4","Water_Temperature","90Pct",12,31.3444378133455,"",29.7125469055344,32.4
"47","Basin","ZONE 4","Water_Temperature","95Pct",13,32.3301563619091,"",29.7853124088799,32.4
"48","Basin","ZONE 4","Water_Temperature","Mean",14,28.4113922308027,"0.467392320732879",27.4953201155156,29.3274643460897
"49","Basin","ZONE 4","Water_Temperature","Variance",14,3.6416861375515,"0.975605499108248",1.72953449618011,5.55383777892289
"50","Basin","ZONE 4","Water_Temperature","Std. Deviation",14,1.90832023977934,"0.255618915203943",1.40731637221242,2.40932410734627
"51","Basin","ZONE 5","Water_Temperature","5Pct",0,27.7839111660213,"",27.7764027719654,27.7914195600773
"52","Basin","ZONE 5","Water_Temperature","10Pct",1,28.1252256302916,"",25.3,28.1901951698724
"53","Basin","ZONE 5","Water_Temperature","25Pct",3,28.6370233761375,"",27.7729077725713,29.0652798986729
"54","Basin","ZONE 5","Water_Temperature","50Pct",7,29.2589670554808,"",28.6555591712633,30.2265182447585
"55","Basin","ZONE 5","Water_Temperature","75Pct",10,30.2468678359941,"",29.3665191566039,32.0874623503796
"56","Basin","ZONE 5","Water_Temperature","90Pct",12,31.0950624552795,"",30.213633590555,32.3
"57","Basin","ZONE 5","Water_Temperature","95Pct",13,32.0308763570432,"",30.4843423935807,32.3
"58","Basin","ZONE 5","Water_Temperature","Mean",14,29.4927792278329,"0.293259834193289",28.9180005147018,30.0675579409639
"59","Basin","ZONE 5","Water_Temperature","Variance",14,1.46488873418811,"0.513504750392153",0.458437917529262,2.47133955084696
"60","Basin","ZONE 5","Water_Temperature","Std. Deviation",14,1.21032587933503,"0.212134913067496",0.794549089859203,1.62610266881086
"61","Basin","ZONE 6","Water_Temperature","5Pct",6,29.4364183843215,"",28.6956642296657,29.4433307879572
"62","Basin","ZONE 6","Water_Temperature","10Pct",6,29.4434684166461,"",29.0698902968465,29.4571334025851
"63","Basin","ZONE 6","Water_Temperature","25Pct",6,29.4646185136201,"",29.430691592556,29.4985454346841
"64","Basin","ZONE 6","Water_Temperature","50Pct",6,29.4998686752433,"",29.4321704369586,29.6996693635139
"65","Basin","ZONE 6","Water_Temperature","75Pct",8,29.6950257852863,"",29.434797392646,31.9
"66","Basin","ZONE 6","Water_Temperature","90Pct",8,29.6980525326293,"",29.4467652590095,31.9
"67","Basin","ZONE 6","Water_Temperature","95Pct",8,29.6990614484103,"",29.4501122531464,31.9
"68","Basin","ZONE 6","Water_Temperature","Mean",15,29.6011447526915,"0.067420278236713",29.4690034355198,29.7332860698631
"69","Basin","ZONE 6","Water_Temperature","Variance",15,0.0178304530119544,"0.00459908025770719",0.00881642134483908,0.0268444846790696
"70","Basin","ZONE 6","Water_Temperature","Std. Deviation",15,0.133530719356837,"0.0172210569966937",0.0997780678676059,0.167283370846068
"71","Combined","All Basins","pH_Field","5Pct",14,5.84819146011391,"",4.9766557400613,6.1398746451287
"72","Combined","All Basins","pH_Field","10Pct",22,6.53063178278591,"",5.63343526833825,6.99942388255688
"73","Combined","All Basins","pH_Field","25Pct",41,7.38211452323481,"",6.82612060852203,7.93259079127499
"74","Combined","All Basins","pH_Field","50Pct",56,8.108640589317,"",7.80774088560164,8.46660189111384
"75","Combined","All Basins","pH_Field","75Pct",72,8.58980529390143,"",8.43491621761388,9.01656307425361
"76","Combined","All Basins","pH_Field","90Pct",82,9.06783956900243,"",8.921874693262,9.4758342041565
"77","Combined","All Basins","pH_Field","95Pct",85,9.39921022675587,"",9.04826568610996,9.56
"78","Combined","All Basins","pH_Field","Mean",88,7.97974446408577,"0.114072255283387",7.75616695209508,8.20332197607647
"79","Combined","All Basins","pH_Field","Variance",88,0.862991149375632,"0.144565773966268",0.579647439004589,1.14633485974667
"80","Combined","All Basins","pH_Field","Std. Deviation",88,0.847287420908637,"0.0640268544471283",0.721797092148877,0.972777749668397
"81","Basin","ZONE 1","pH_Field","5Pct",1,3.69,"",3.69,5.02977017289413
"82","Basin","ZONE 1","pH_Field","10Pct",1,3.78491191170584,"",3.69,5.21922533616363
"83","Basin","ZONE 1","pH_Field","25Pct",4,5.31484885681581,"",3.70013870470544,6.25032751884939
"84","Basin","ZONE 1","pH_Field","50Pct",8,6.33801840139942,"",5.49051911832293,6.83817960993451
"85","Basin","ZONE 1","pH_Field","75Pct",11,7.00949911364674,"",6.4747470608366,8.92248886644687
"86","Basin","ZONE 1","pH_Field","90Pct",13,8.17962616919414,"",7.00510889522256,8.93
"87","Basin","ZONE 1","pH_Field","95Pct",14,8.92158070682645,"",7.07731654840724,8.93
"88","Basin","ZONE 1","pH_Field","Mean",15,6.24290558600947,"0.297284809542075",5.66023806615615,6.82557310586279
"89","Basin","ZONE 1","pH_Field","Variance",15,1.84150619858145,"0.58490699695819",0.695109550237919,2.98790284692498
"90","Basin","ZONE 1","pH_Field","Std. Deviation",15,1.35702107521639,"0.215511390221011",0.934626512125053,1.77941563830773
"91","Basin","ZONE 2","pH_Field","5Pct",0,4.57347663114817,"",4.56255763587826,4.58439562641809
"92","Basin","ZONE 2","pH_Field","10Pct",1,4.81555482719402,"",3.69,4.91346166026396
"93","Basin","ZONE 2","pH_Field","25Pct",3,4.93978547538117,"",4.81665040400355,5.75203861932302
"94","Basin","ZONE 2","pH_Field","50Pct",7,6.19454069140894,"",5.15388392799299,6.59412066678787
"95","Basin","ZONE 2","pH_Field","75Pct",11,6.61604537653561,"",6.28331918234524,8.94294058589182
"96","Basin","ZONE 2","pH_Field","90Pct",13,7.17865336042006,"",6.61185457151,8.97
"97","Basin","ZONE 2","pH_Field","95Pct",14,8.94655665190484,"",7.03679925147495,8.97
"98","Basin","ZONE 2","pH_Field","Mean",15,6.09874766390378,"0.210807448331369",5.68557265750151,6.51192267030605
"99","Basin","ZONE 2","pH_Field","Variance",15,1.20847845579729,"0.370379847634984",0.482547293833289,1.93440961776129
"100","Basin","ZONE 2","pH_Field","Std. Deviation",15,1.09930817144115,"0.168460426865303",0.769131801964915,1.42948454091739
"101","Basin","ZONE 3","pH_Field","5Pct",0,5.7087054837819,"",5.6970046380249,5.72040632953891
"102","Basin","ZONE 3","pH_Field","10Pct",1,5.89342834594664,"",5.52466713278239,7.23339893749394
"103","Basin","ZONE 3","pH_Field","25Pct",4,7.99563234836956,"",5.85792195121673,8.24737019337127
"104","Basin","ZONE 3","pH_Field","50Pct",8,8.41647006375934,"",8.03940886374446,8.93308371662228
"105","Basin","ZONE 3","pH_Field","75Pct",11,8.93672523227548,"",8.44625002988959,9.47417964777639
"106","Basin","ZONE 3","pH_Field","90Pct",13,9.29626890295857,"",8.9341427147923,9.49
"107","Basin","ZONE 3","pH_Field","95Pct",14,9.45928785205275,"",9.05990652442021,9.49
"108","Basin","ZONE 3","pH_Field","Mean",15,8.16940795462868,"0.249347139422929",7.68069654171165,8.65811936754571
"109","Basin","ZONE 3","pH_Field","Variance",15,1.2993275967622,"0.379719582129904",0.555090891562984,2.04356430196141
"110","Basin","ZONE 3","pH_Field","Std. Deviation",15,1.13988051863439,"0.166561133347915",0.813426696048299,1.46633434122047
"111","Basin","ZONE 4","pH_Field","5Pct",0,5.97836708004144,"",5.97800836035461,5.97872579972826
"112","Basin","ZONE 4","pH_Field","10Pct",1,6.10736325358901,"",3.69,7.15715887782413
"113","Basin","ZONE 4","pH_Field","25Pct",3,7.17999901832397,"",5.98322537620316,7.79011486186936
"114","Basin","ZONE 4","pH_Field","50Pct",7,7.82029607789323,"",7.18489856779782,8.43861172881809
"115","Basin","ZONE 4","pH_Field","75Pct",10,8.44419645321738,"",7.82637028943113,9.10477402406609
"116","Basin","ZONE 4","pH_Field","90Pct",12,8.92598137519473,"",8.42764475355062,9.13
"117","Basin","ZONE 4","pH_Field","95Pct",13,9.10206254476365,"",8.74774702348451,9.13
"118","Basin","ZONE 4","pH_Field","Mean",14,7.76781531848425,"0.226489012425602",7.32390501123602,8.21172562573247
"119","Basin","ZONE 4","pH_Field","Variance",14,0.854324773461047,"0.238110986119236",0.387635816344027,1.32101373057807
"120","Basin","ZONE 4","pH_Field","Std. Deviation",14,0.924296907633606,"0.12880654698329",0.67184071457339,1.17675310069382
"121","Basin","ZONE 5","pH_Field","5Pct",0,6.67593096956348,"",6.67450546205539,6.67735647707158
"122","Basin","ZONE 5","pH_Field","10Pct",1,6.94084145786964,"",3.69,7.0294197975875
"123","Basin","ZONE 5","pH_Field","25Pct",3,7.07387663625243,"",6.89777059414154,7.40459020935297
"124","Basin","ZONE 5","pH_Field","50Pct",7,7.67936804901669,"",7.11230063679625,8.98389989244875
"125","Basin","ZONE 5","pH_Field","75Pct",10,9.0117285355555,"",7.84447568132918,9.50125065126253
"126","Basin","ZONE 5","pH_Field","90Pct",12,9.41410014501572,"",8.98776213655173,9.56
"127","Basin","ZONE 5","pH_Field","95Pct",13,9.5042416065278,"",9.37307111477222,9.56
"128","Basin","ZONE 5","pH_Field","Mean",14,8.02650619375851,"0.216437086809026",7.60229729869405,8.45071508882297
"129","Basin","ZONE 5","pH_Field","Variance",14,0.966210545903434,"0.165046466286907",0.642725416205492,1.28969567560138
"130","Basin","ZONE 5","pH_Field","Std. Deviation",14,0.982960093749199,"0.0839537979906122",0.818413673322248,1.14750651417615
"131","Basin","ZONE 6","pH_Field","5Pct",4,7.93094448305121,"",7.83434159623572,7.93193401601983
"132","Basin","ZONE 6","pH_Field","10Pct",4,7.93195339883221,"",7.92735074411856,7.93390912338896
"133","Basin","ZONE 6","pH_Field","25Pct",4,7.9349801461752,"",7.93012487314597,7.93983541920444
"134","Basin","ZONE 6","pH_Field","50Pct",6,8.08609481007284,"",3.69,8.48
"135","Basin","ZONE 6","pH_Field","75Pct",14,8.44468794766509,"",7.93105693132197,8.48
"136","Basin","ZONE 6","pH_Field","90Pct",14,8.46587517906604,"",7.93293153926009,8.48
"137","Basin","ZONE 6","pH_Field","95Pct",14,8.47293758953302,"",7.93345552743967,8.48
"138","Basin","ZONE 6","pH_Field","Mean",15,8.20891634955192,"0.181991617196269",7.85221933435903,8.56561336474481
"139","Basin","ZONE 6","pH_Field","Variance",15,0.0727393919010642,"0.00041073446288942",0.0719343671465915,0.0735444166555368
"140","Basin","ZONE 6","pH_Field","Std. Deviation",15,0.269702413598885,"0.000761458633997033",0.268209982100534,0.271194845097237
"141","Combined","All Basins","Oxygen_Dissolved_Field","5Pct",5,5.20599825728004,"",0.13,6.40542428951725
"142","Combined","All Basins","Oxygen_Dissolved_Field","10Pct",12,6.47277809635762,"",4.6469760854409,7.20046844655174
"143","Combined","All Basins","Oxygen_Dissolved_Field","25Pct",27,7.2127418014476,"",6.9739136370797,7.34639984810431
"144","Combined","All Basins","Oxygen_Dissolved_Field","50Pct",51,7.89890991592221,"",7.21872392257576,8.25336821993088
"145","Combined","All Basins","Oxygen_Dissolved_Field","75Pct",64,8.27131458331537,"",7.99452207107018,9.82529084006618
"146","Combined","All Basins","Oxygen_Dissolved_Field","90Pct",71,8.84966861941977,"",8.29773149908728,9.96382481581729
"147","Combined","All Basins","Oxygen_Dissolved_Field","95Pct",78,9.64366581531357,"",8.84165471121668,11.81
"148","Combined","All Basins","Oxygen_Dissolved_Field","Mean",88,7.64667202068199,"0.193705520869692",7.26701617617083,8.02632786519316
"149","Combined","All Basins","Oxygen_Dissolved_Field","Variance",88,2.24359562293876,"0.676511486572551",0.917657474128907,3.56953377174861
"150","Combined","All Basins","Oxygen_Dissolved_Field","Std. Deviation",88,1.38099405522545,"0.184053598175348",1.02025563157676,1.74173247887413
"151","Basin","ZONE 1","Oxygen_Dissolved_Field","5Pct",0,1.41883006230811,"",1.35748087035945,1.48017925425678
"152","Basin","ZONE 1","Oxygen_Dissolved_Field","10Pct",1,4.62586751833112,"",0.13,6.37693453331504
"153","Basin","ZONE 1","Oxygen_Dissolved_Field","25Pct",3,6.44229040300918,"",4.50242274421616,6.85415812704776
"154","Basin","ZONE 1","Oxygen_Dissolved_Field","50Pct",7,7.06762429615963,"",6.57702698554718,8.09153677155866
"155","Basin","ZONE 1","Oxygen_Dissolved_Field","75Pct",11,8.09565554564364,"",7.47086653894231,9.05014664788832
"156","Basin","ZONE 1","Oxygen_Dissolved_Field","90Pct",13,9.03406542298536,"",8.09556539733206,11
"157","Basin","ZONE 1","Oxygen_Dissolved_Field","95Pct",14,10.9242263614381,"",9.0049266193629,11
"158","Basin","ZONE 1","Oxygen_Dissolved_Field","Mean",15,7.11583212836032,"0.45770404820378",6.21874867830273,8.01291557841791
"159","Basin","ZONE 1","Oxygen_Dissolved_Field","Variance",15,3.90757857338611,"1.49307360664075",0.981208078102925,6.83394906866929
"160","Basin","ZONE 1","Oxygen_Dissolved_Field","Std. Deviation",15,1.97675961446659,"0.377656847022251",1.23656579578803,2.71695343314516
"161","Basin","ZONE 2","Oxygen_Dissolved_Field","5Pct",0,4.15809627840016,"",4.12909568977079,4.18709686702953
"162","Basin","ZONE 2","Oxygen_Dissolved_Field","10Pct",1,6.33705713179928,"",2.50655476384319,7.47032279787972
"163","Basin","ZONE 2","Oxygen_Dissolved_Field","25Pct",3,7.4786783732896,"",6.3080425407111,7.56467045229137
"164","Basin","ZONE 2","Oxygen_Dissolved_Field","50Pct",7,7.66590302915089,"",7.47989346300528,8.0518028540745
"165","Basin","ZONE 2","Oxygen_Dissolved_Field","75Pct",11,8.05301794379018,"",7.71301254648986,11.5077786694553
"166","Basin","ZONE 2","Oxygen_Dissolved_Field","90Pct",13,8.69477556007001,"",8.05217978278506,11.81
"167","Basin","ZONE 2","Oxygen_Dissolved_Field","95Pct",14,11.4817931266678,"",8.37378327102695,11.81
"168","Basin","ZONE 2","Oxygen_Dissolved_Field","Mean",15,7.76291734783197,"0.337813890610528",7.10081428875798,8.42502040690596
"169","Basin","ZONE 2","Oxygen_Dissolved_Field","Variance",15,1.97469557424601,"0.758981955484369",0.487118276580867,3.46227287191116
"170","Basin","ZONE 2","Oxygen_Dissolved_Field","Std. Deviation",15,1.40523861825884,"0.270054475312095",0.875941572783272,1.93453566373441
"171","Basin","ZONE 3","Oxygen_Dissolved_Field","5Pct",0,2.11157872856501,"",2.09225902162785,2.13089843550218
"172","Basin","ZONE 3","Oxygen_Dissolved_Field","10Pct",1,5.30605099177812,"",0.13,7.27645545795319
"173","Basin","ZONE 3","Oxygen_Dissolved_Field","25Pct",4,7.48250326594203,"",5.23316413076839,7.89854677094716
"174","Basin","ZONE 3","Oxygen_Dissolved_Field","50Pct",7,7.94458193629252,"",7.50869192706602,8.11974979287562
"175","Basin","ZONE 3","Oxygen_Dissolved_Field","75Pct",11,8.15784526447862,"",8.00366451648851,9.87454094019244
"176","Basin","ZONE 3","Oxygen_Dissolved_Field","90Pct",13,8.8454302816422,"",8.116810833751,9.92
"177","Basin","ZONE 3","Oxygen_Dissolved_Field","95Pct",14,9.81557869697936,"",8.75888411297119,9.92
"178","Basin","ZONE 3","Oxygen_Dissolved_Field","Mean",15,7.57505250995034,"0.390570211587508",6.80954896180464,8.34055605809605
"179","Basin","ZONE 3","Oxygen_Dissolved_Field","Variance",15,3.00139522701365,"1.54107296664121",0,6.02184273917873
"180","Basin","ZONE 3","Oxygen_Dissolved_Field","Std. Deviation",15,1.7324535280964,"0.444766033157186",0.860728121561564,2.60417893463123
"181","Basin","ZONE 4","Oxygen_Dissolved_Field","5Pct",1,0.13,"",0.13,7.32620514704123
"182","Basin","ZONE 4","Oxygen_Dissolved_Field","10Pct",1,5.55411001960812,"",0.13,7.39897201894105
"183","Basin","ZONE 4","Oxygen_Dissolved_Field","25Pct",3,7.42958427865414,"",0.13,7.78405464328444
"184","Basin","ZONE 4","Oxygen_Dissolved_Field","50Pct",7,7.86024897598726,"",7.43392862169931,8.44760178505907
"185","Basin","ZONE 4","Oxygen_Dissolved_Field","75Pct",10,8.45373728362731,"",7.87286196395421,9.52722843410054
"186","Basin","ZONE 4","Oxygen_Dissolved_Field","90Pct",12,9.33172694732524,"",8.42772746986526,9.54
"187","Basin","ZONE 4","Oxygen_Dissolved_Field","95Pct",13,9.52585564928988,"",8.82155897900927,9.54
"188","Basin","ZONE 4","Oxygen_Dissolved_Field","Mean",14,7.47641441547349,"0.563382373499252",6.37220525389027,8.58062357705672
"189","Basin","ZONE 4","Oxygen_Dissolved_Field","Variance",14,4.92203975105213,"3.26978963171697",0,11.3307096662399
"190","Basin","ZONE 4","Oxygen_Dissolved_Field","Std. Deviation",14,2.21856704903236,"0.736914765128038",0.774240649705607,3.6628934483591
"191","Basin","ZONE 5","Oxygen_Dissolved_Field","5Pct",0,5.15851573126825,"",5.13448887028914,5.18254259224736
"192","Basin","ZONE 5","Oxygen_Dissolved_Field","10Pct",1,6.21599136369811,"",0.13,6.68189439834404
"193","Basin","ZONE 5","Oxygen_Dissolved_Field","25Pct",3,6.76943542730393,"",6.0913839924075,7.60108832017815
"194","Basin","ZONE 5","Oxygen_Dissolved_Field","50Pct",7,7.74230270497754,"",7.22403548383131,8.56003961281549
"195","Basin","ZONE 5","Oxygen_Dissolved_Field","75Pct",10,8.66022272799981,"",8.12495134797929,9.95053748199828
"196","Basin","ZONE 5","Oxygen_Dissolved_Field","90Pct",12,9.63560024859838,"",8.57394369158622,10.11
"197","Basin","ZONE 5","Oxygen_Dissolved_Field","95Pct",13,9.9586557891469,"",9.56526476818096,10.11
"198","Basin","ZONE 5","Oxygen_Dissolved_Field","Mean",14,7.85809776394614,"0.27246741363349",7.32407144626372,8.39212408162855
"199","Basin","ZONE 5","Oxygen_Dissolved_Field","Variance",14,1.6289825185064,"0.470706934730013",0.706413879162331,2.55155115785047
"200","Basin","ZONE 5","Oxygen_Dissolved_Field","Std. Deviation",14,1.27631599477026,"0.184400625181674",0.914897410687511,1.63773457885301
"201","Basin","ZONE 6","Oxygen_Dissolved_Field","5Pct",7,7.2018019287046,"",6.81873103199629,7.20380331669801
"202","Basin","ZONE 6","Oxygen_Dissolved_Field","10Pct",7,7.20381976026659,"",6.88762224033705,7.20775425274911
"203","Basin","ZONE 6","Oxygen_Dissolved_Field","25Pct",7,7.20987325495258,"",7.20013922512342,7.21960728478174
"204","Basin","ZONE 6","Oxygen_Dissolved_Field","50Pct",7,7.21996241276255,"",7.20056241036909,8.29808724546805
"205","Basin","ZONE 6","Oxygen_Dissolved_Field","75Pct",8,8.27015471171759,"",7.20202681586106,11.39
"206","Basin","ZONE 6","Oxygen_Dissolved_Field","90Pct",8,8.28831519577555,"",7.20577603268793,11.39
"207","Basin","ZONE 6","Oxygen_Dissolved_Field","95Pct",8,8.29436869046153,"",7.20682400938519,11.39
"208","Basin","ZONE 6","Oxygen_Dissolved_Field","Mean",15,7.76561304007916,"0.364115741947296",7.05195929965838,8.47926678049994
"209","Basin","ZONE 6","Oxygen_Dissolved_Field","Variance",15,0.321504491294598,"0.0161591741860529",0.289833091870025,0.353175890719171
"210","Basin","ZONE 6","Oxygen_Dissolved_Field","Std. Deviation",15,0.567013660589053,"0.0142493693796245",0.539085409802582,0.594941911375525
"211","Combined","All Basins","Escherichia_Coli_Quanti_Tray","5Pct",56,1,"",1,1
"212","Combined","All Basins","Escherichia_Coli_Quanti_Tray","10Pct",56,1,"",1,1
"213","Combined","All Basins","Escherichia_Coli_Quanti_Tray","25Pct",56,1,"",1,1
"214","Combined","All Basins","Escherichia_Coli_Quanti_Tray","50Pct",56,1,"",1,1
"215","Combined","All Basins","Escherichia_Coli_Quanti_Tray","75Pct",56,1,"",1,2.86285363590146
"216","Combined","All Basins","Escherichia_Coli_Quanti_Tray","90Pct",68,5.04488205256213,"",2.23430231131251,10.5733482169615
"217","Combined","All Basins","Escherichia_Coli_Quanti_Tray","95Pct",75,8.24589796863207,"",5.06576754430967,15.7004771140829
"218","Combined","All Basins","Escherichia_Coli_Quanti_Tray","Mean",87,2.12972812040309,"0.272714130537185",1.59521824647506,2.66423799433113
"219","Combined","All Basins","Escherichia_Coli_Quanti_Tray","Variance",87,19.3618440091464,"12.3709364167773",0,43.6084338410649
"220","Combined","All Basins","Escherichia_Coli_Quanti_Tray","Std. Deviation",87,3.90880090923218,"0.955492719765866",2.03606959100087,5.7815322274635
"221","Basin","ZONE 1","Escherichia_Coli_Quanti_Tray","5Pct",13,1,"",1,1
"222","Basin","ZONE 1","Escherichia_Coli_Quanti_Tray","10Pct",13,1,"",1,1
"223","Basin","ZONE 1","Escherichia_Coli_Quanti_Tray","25Pct",13,1,"",1,1
"224","Basin","ZONE 1","Escherichia_Coli_Quanti_Tray","50Pct",13,1,"",1,1
"225","Basin","ZONE 1","Escherichia_Coli_Quanti_Tray","75Pct",13,1,"",1,1
"226","Basin","ZONE 1","Escherichia_Coli_Quanti_Tray","90Pct",13,1,"",1,7.5
"227","Basin","ZONE 1","Escherichia_Coli_Quanti_Tray","95Pct",13,6.53841024049496,"",1,7.5
"228","Basin","ZONE 1","Escherichia_Coli_Quanti_Tray","Mean",14,1.40557836244091,"0.371638111908475",0.677181047817832,2.13397567706399
"229","Basin","ZONE 1","Escherichia_Coli_Quanti_Tray","Variance",14,2.47176554778566,"2.11433445719629",0,6.61578493516243
"230","Basin","ZONE 1","Escherichia_Coli_Quanti_Tray","Std. Deviation",14,1.57218495978866,"0.672419120928531",0.254267700252651,2.89010221932466
"231","Basin","ZONE 2","Escherichia_Coli_Quanti_Tray","5Pct",13,1,"",1,1
"232","Basin","ZONE 2","Escherichia_Coli_Quanti_Tray","10Pct",13,1,"",1,1
"233","Basin","ZONE 2","Escherichia_Coli_Quanti_Tray","25Pct",13,1,"",1,1
"234","Basin","ZONE 2","Escherichia_Coli_Quanti_Tray","50Pct",13,1,"",1,1
"235","Basin","ZONE 2","Escherichia_Coli_Quanti_Tray","75Pct",13,1,"",1,1.31860505467018
"236","Basin","ZONE 2","Escherichia_Coli_Quanti_Tray","90Pct",13,1.44385539298161,"",1,5.2
"237","Basin","ZONE 2","Escherichia_Coli_Quanti_Tray","95Pct",14,4.80927753174732,"",1,5.2
"238","Basin","ZONE 2","Escherichia_Coli_Quanti_Tray","Mean",15,1.33349301885618,"0.220324114324078",0.901665689855301,1.76532034785706
"239","Basin","ZONE 2","Escherichia_Coli_Quanti_Tray","Variance",15,1.08222085274214,"0.763652157304541",0,2.57895157777535
"240","Basin","ZONE 2","Escherichia_Coli_Quanti_Tray","Std. Deviation",15,1.04029844407369,"0.367035133838212",0.320922800689954,1.75967408745742
"241","Basin","ZONE 3","Escherichia_Coli_Quanti_Tray","5Pct",12,1,"",1,1
"242","Basin","ZONE 3","Escherichia_Coli_Quanti_Tray","10Pct",12,1,"",1,1
"243","Basin","ZONE 3","Escherichia_Coli_Quanti_Tray","25Pct",12,1,"",1,1
"244","Basin","ZONE 3","Escherichia_Coli_Quanti_Tray","50Pct",12,1,"",1,1
"245","Basin","ZONE 3","Escherichia_Coli_Quanti_Tray","75Pct",12,1,"",1,5.08514448226313
"246","Basin","ZONE 3","Escherichia_Coli_Quanti_Tray","90Pct",13,4.90013229632257,"",1,11
"247","Basin","ZONE 3","Escherichia_Coli_Quanti_Tray","95Pct",14,10.1741138135332,"",2.79291934726047,11
"248","Basin","ZONE 3","Escherichia_Coli_Quanti_Tray","Mean",15,2.00362799922295,"0.592375595705072",0.842593166320549,3.16466283212535
"249","Basin","ZONE 3","Escherichia_Coli_Quanti_Tray","Variance",15,6.45120543742969,"4.4404750742429",0,15.1543766571936
"250","Basin","ZONE 3","Escherichia_Coli_Quanti_Tray","Std. Deviation",15,2.53992232901514,"0.874135996899698",0.826647257501715,4.25319740052856
"251","Basin","ZONE 4","Escherichia_Coli_Quanti_Tray","5Pct",4,1,"",1,1
"252","Basin","ZONE 4","Escherichia_Coli_Quanti_Tray","10Pct",4,1,"",1,1.15217307898671
"253","Basin","ZONE 4","Escherichia_Coli_Quanti_Tray","25Pct",4,1,"",1,1.84895626215793
"254","Basin","ZONE 4","Escherichia_Coli_Quanti_Tray","50Pct",4,1.99586531647917,"",1,7.53919197673777
"255","Basin","ZONE 4","Escherichia_Coli_Quanti_Tray","75Pct",10,8.01566329727678,"",2.18628757073996,15.3931875642012
"256","Basin","ZONE 4","Escherichia_Coli_Quanti_Tray","90Pct",12,11.6441214218871,"",7.68176311922743,15.8
"257","Basin","ZONE 4","Escherichia_Coli_Quanti_Tray","95Pct",13,14.9513389573929,"",9.3774228128164,15.8
"258","Basin","ZONE 4","Escherichia_Coli_Quanti_Tray","Mean",14,5.01636673584588,"1.18284362983036",2.69803582203575,7.334697649656
"259","Basin","ZONE 4","Escherichia_Coli_Quanti_Tray","Variance",14,21.5578215015435,"7.22469051039399",7.39768830172295,35.717954701364
"260","Basin","ZONE 4","Escherichia_Coli_Quanti_Tray","Std. Deviation",14,4.64304011414326,"0.778012932559715",3.11816278681983,6.16791744146669
"261","Basin","ZONE 5","Escherichia_Coli_Quanti_Tray","5Pct",10,1,"",1,1
"262","Basin","ZONE 5","Escherichia_Coli_Quanti_Tray","10Pct",10,1,"",1,1
"263","Basin","ZONE 5","Escherichia_Coli_Quanti_Tray","25Pct",10,1,"",1,1
"264","Basin","ZONE 5","Escherichia_Coli_Quanti_Tray","50Pct",10,1,"",1,1
"265","Basin","ZONE 5","Escherichia_Coli_Quanti_Tray","75Pct",10,2.70761310376273,"",1,7.06508135725662
"266","Basin","ZONE 5","Escherichia_Coli_Quanti_Tray","90Pct",12,6.59784884786361,"",2.71522020415238,7.5
"267","Basin","ZONE 5","Escherichia_Coli_Quanti_Tray","95Pct",12,7.0489244239318,"",3.21399669013852,7.5
"268","Basin","ZONE 5","Escherichia_Coli_Quanti_Tray","Mean",14,2.21140237075862,"0.511157159286922",1.20955274811645,3.2132519934008
"269","Basin","ZONE 5","Escherichia_Coli_Quanti_Tray","Variance",14,5.09640105868424,"2.00852502484683",1.15976434793703,9.03303776943145
"270","Basin","ZONE 5","Escherichia_Coli_Quanti_Tray","Std. Deviation",14,2.2575209985035,"0.444851903078261",1.38562729001601,3.12941470699099
"271","Basin","ZONE 6","Escherichia_Coli_Quanti_Tray","5Pct",4,1,"",1,1
"272","Basin","ZONE 6","Escherichia_Coli_Quanti_Tray","10Pct",4,1,"",1,1
"273","Basin","ZONE 6","Escherichia_Coli_Quanti_Tray","25Pct",4,1,"",1,1
"274","Basin","ZONE 6","Escherichia_Coli_Quanti_Tray","50Pct",4,1,"",1,1
"275","Basin","ZONE 6","Escherichia_Coli_Quanti_Tray","75Pct",4,1,"",1,1
"276","Basin","ZONE 6","Escherichia_Coli_Quanti_Tray","90Pct",4,1,"",1,13.8248921977961
"277","Basin","ZONE 6","Escherichia_Coli_Quanti_Tray","95Pct",4,1,"",1,53.7075724821355
"278","Basin","ZONE 6","Escherichia_Coli_Quanti_Tray","Mean",15,1.24926977000272,"0.17468924119679",0.906885148770383,1.59165439123506
"279","Basin","ZONE 6","Escherichia_Coli_Quanti_Tray","Variance",15,46.7840544232002,"42.2631947900968",0,129.618394083391
"280","Basin","ZONE 6","Escherichia_Coli_Quanti_Tray","Std. Deviation",15,6.83988701830668,"3.08946585499008",0.784645211059876,12.8951288255535
"281","Combined","All Basins","Chlorophyll_A_Monochromatic","5Pct",5,2.29918771526642,"",1.2,3.47888544472291
"282","Combined","All Basins","Chlorophyll_A_Monochromatic","10Pct",14,3.76001112138341,"",1.77442041105824,5.57655605485679
"283","Combined","All Basins","Chlorophyll_A_Monochromatic","25Pct",40,9.68772784003353,"",4.75425388424082,18.9407326885622
"284","Combined","All Basins","Chlorophyll_A_Monochromatic","50Pct",54,23.6669241329901,"",15.7853825085803,38.6914159798381
"285","Combined","All Basins","Chlorophyll_A_Monochromatic","75Pct",72,40.8350781228471,"",26.3008364108597,66.0051502356277
"286","Combined","All Basins","Chlorophyll_A_Monochromatic","90Pct",77,43.5749014062366,"",41.7539350377519,75.9505269897449
"287","Combined","All Basins","Chlorophyll_A_Monochromatic","95Pct",82,58.5986172573983,"",43.6250414964642,113.629465756011
"288","Combined","All Basins","Chlorophyll_A_Monochromatic","Mean",88,27.7313705258091,"2.67874229923065",22.481132095453,32.9816089561652
"289","Combined","All Basins","Chlorophyll_A_Monochromatic","Variance",88,363.669796362563,"60.7243420083431",244.652273041318,482.687319683808
"290","Combined","All Basins","Chlorophyll_A_Monochromatic","Std. Deviation",88,17.6624181592949,"1.34992857418921",15.0166067721826,20.3082295464073
"291","Basin","ZONE 1","Chlorophyll_A_Monochromatic","5Pct",2,1.2,"",1.2,1.79743412918265
"292","Basin","ZONE 1","Chlorophyll_A_Monochromatic","10Pct",2,1.2,"",1.2,2.72433209373425
"293","Basin","ZONE 1","Chlorophyll_A_Monochromatic","25Pct",3,2.78542797372227,"",1.2,5.00495597984322
"294","Basin","ZONE 1","Chlorophyll_A_Monochromatic","50Pct",7,7.53783159365041,"",3.15626216897504,10.5406366980723
"295","Basin","ZONE 1","Chlorophyll_A_Monochromatic","75Pct",11,32.2622182574559,"",8.91961586983355,51.7915075028296
"296","Basin","ZONE 1","Chlorophyll_A_Monochromatic","90Pct",13,51.4813084597072,"",31.5356851661855,120
"297","Basin","ZONE 1","Chlorophyll_A_Monochromatic","95Pct",14,87.1647566231582,"",49.4779858088687,120
"298","Basin","ZONE 1","Chlorophyll_A_Monochromatic","Mean",15,21.4594102310506,"6.43629009778398",8.84451344534225,34.074307016759
"299","Basin","ZONE 1","Chlorophyll_A_Monochromatic","Variance",15,926.827607235799,"517.365797359372",0,1940.84593689302
"300","Basin","ZONE 1","Chlorophyll_A_Monochromatic","Std. Deviation",15,30.4438435030106,"8.49705125616301",13.7899290661402,47.0977579398809
"301","Basin","ZONE 2","Chlorophyll_A_Monochromatic","5Pct",0,2.94503337092084,"",2.94287431278072,2.94719242906095
"302","Basin","ZONE 2","Chlorophyll_A_Monochromatic","10Pct",1,3.5479467514524,"",1.2,3.71134607631463
"303","Basin","ZONE 2","Chlorophyll_A_Monochromatic","25Pct",3,3.77310156934144,"",3.51259678047763,5.16725033981114
"304","Basin","ZONE 2","Chlorophyll_A_Monochromatic","50Pct",7,7.84948965712104,"",4.35253829284545,16.7739771266925
"305","Basin","ZONE 2","Chlorophyll_A_Monochromatic","75Pct",11,18.3020244291317,"",7.94078173289351,135.460401108812
"306","Basin","ZONE 2","Chlorophyll_A_Monochromatic","90Pct",13,24.9552966315831,"",18.2248756993317,170
"307","Basin","ZONE 2","Chlorophyll_A_Monochromatic","95Pct",14,130.927753174732,"",22.9522228726641,170
"308","Basin","ZONE 2","Chlorophyll_A_Monochromatic","Mean",15,20.4776147557818,"8.54208416402842",3.73543744137618,37.2197920701874
"309","Basin","ZONE 2","Chlorophyll_A_Monochromatic","Variance",15,1586.20134317361,"1141.97154818255",0,3824.42444898086
"310","Basin","ZONE 2","Chlorophyll_A_Monochromatic","Std. Deviation",15,39.8271432966716,"14.3365987823434",11.7279260224778,67.9263605708654
"311","Basin","ZONE 3","Chlorophyll_A_Monochromatic","5Pct",0,1.78204586251387,"",1.7769585382717,1.78713318675605
"312","Basin","ZONE 3","Chlorophyll_A_Monochromatic","10Pct",1,3.3374593153184,"",1.2,5.43154367665395
"313","Basin","ZONE 3","Chlorophyll_A_Monochromatic","25Pct",3,5.86582644741975,"",3.19307086050398,18.83956373991
"314","Basin","ZONE 3","Chlorophyll_A_Monochromatic","50Pct",8,28.1251632971013,"",5.8849525320318,41.0552006464903
"315","Basin","ZONE 3","Chlorophyll_A_Monochromatic","75Pct",11,41.1193760097091,"",28.9649320559436,76.773379689701
"316","Basin","ZONE 3","Chlorophyll_A_Monochromatic","90Pct",13,43.5152521043825,"",40.6434957733016,81
"317","Basin","ZONE 3","Chlorophyll_A_Monochromatic","95Pct",14,76.8705690676659,"",42.9242937278122,81
"318","Basin","ZONE 3","Chlorophyll_A_Monochromatic","Mean",15,27.2326166818488,"4.91530589941228",17.5987941460035,36.8664392176941
"319","Basin","ZONE 3","Chlorophyll_A_Monochromatic","Variance",15,409.166595842984,"131.96371390191",150.522469329094,667.810722356874
"320","Basin","ZONE 3","Chlorophyll_A_Monochromatic","Std. Deviation",15,20.2278668139521,"3.26192858386056",13.8346042694436,26.6211293584605
"321","Basin","ZONE 4","Chlorophyll_A_Monochromatic","5Pct",0,2.2889054666362,"",2.28527944629904,2.29253148697335
"322","Basin","ZONE 4","Chlorophyll_A_Monochromatic","10Pct",1,6.04018624805267,"",1.2,7.70129722405347
"323","Basin","ZONE 4","Chlorophyll_A_Monochromatic","25Pct",3,7.75114792397517,"",2.47521247116438,14.0229762796044
"324","Basin","ZONE 4","Chlorophyll_A_Monochromatic","50Pct",6,14.502675062902,"",7.76224160708977,24.7325373318244
"325","Basin","ZONE 4","Chlorophyll_A_Monochromatic","75Pct",10,24.9596320027324,"",14.6691745917601,42.6583838677488
"326","Basin","ZONE 4","Chlorophyll_A_Monochromatic","90Pct",12,39.5779371595723,"",24.4616031619737,43
"327","Basin","ZONE 4","Chlorophyll_A_Monochromatic","95Pct",13,42.2873465079835,"",26.6728954640087,43
"328","Basin","ZONE 4","Chlorophyll_A_Monochromatic","Mean",14,17.706020765321,"2.94348416287984",11.9368978170125,23.4751437136295
"329","Basin","ZONE 4","Chlorophyll_A_Monochromatic","Variance",14,140.085297393882,"45.1318569498739",51.628483216716,228.542111571049
"330","Basin","ZONE 4","Chlorophyll_A_Monochromatic","Std. Deviation",14,11.8357634901126,"1.90658832392081",8.09891904188322,15.572607938342
"331","Basin","ZONE 5","Chlorophyll_A_Monochromatic","5Pct",0,1.54046689273155,"",1.51000182217121,1.5709319632919
"332","Basin","ZONE 5","Chlorophyll_A_Monochromatic","10Pct",1,3.26932340211367,"",1.2,4.66097251591967
"333","Basin","ZONE 5","Chlorophyll_A_Monochromatic","25Pct",3,4.86915992672248,"",3.18002129805973,10.1370018302804
"334","Basin","ZONE 5","Chlorophyll_A_Monochromatic","50Pct",7,25.0678529295782,"",5.9154087903231,51.312980631783
"335","Basin","ZONE 5","Chlorophyll_A_Monochromatic","75Pct",10,51.6163921327169,"",34.4180492037295,65.0894066630403
"336","Basin","ZONE 5","Chlorophyll_A_Monochromatic","90Pct",12,60.9961494134679,"",51.5005696834958,76
"337","Basin","ZONE 5","Chlorophyll_A_Monochromatic","95Pct",13,65.6448697837349,"",56.9380921050798,76
"338","Basin","ZONE 5","Chlorophyll_A_Monochromatic","Mean",14,29.3417211312137,"5.13881730371807",19.269824292795,39.4136179696323
"339","Basin","ZONE 5","Chlorophyll_A_Monochromatic","Variance",14,613.717611000499,"121.15308922627",376.261919501243,851.173302499755
"340","Basin","ZONE 5","Chlorophyll_A_Monochromatic","Std. Deviation",14,24.7733245851359,"2.4452327504513",19.9807564604335,29.5658927098383
"341","Basin","ZONE 6","Chlorophyll_A_Monochromatic","5Pct",7,20.3603857409198,"",7.66538864545367,20.7606633396009
"342","Basin","ZONE 6","Chlorophyll_A_Monochromatic","10Pct",7,20.7639520533188,"",8.78801872797831,21.5508505498224
"343","Basin","ZONE 6","Chlorophyll_A_Monochromatic","25Pct",7,21.9746509905158,"",20.027845024684,23.9214569563477
"344","Basin","ZONE 6","Chlorophyll_A_Monochromatic","50Pct",7,23.9924825525109,"",20.1124820738183,41.9268596234347
"345","Basin","ZONE 6","Chlorophyll_A_Monochromatic","75Pct",12,40.995775165086,"",20.405357273441,45
"346","Basin","ZONE 6","Chlorophyll_A_Monochromatic","90Pct",12,41.6011246336845,"",21.1552010795299,45
"347","Basin","ZONE 6","Chlorophyll_A_Monochromatic","95Pct",12,41.802907789884,"",21.3647965857023,45
"348","Basin","ZONE 6","Chlorophyll_A_Monochromatic","Mean",15,32.8820416969511,"6.06481951433418",20.9952138761204,44.7688695177818
"349","Basin","ZONE 6","Chlorophyll_A_Monochromatic","Variance",15,83.5783822366703,"2.24125840722013",79.1855964784713,87.9711679948694
"350","Basin","ZONE 6","Chlorophyll_A_Monochromatic","Std. Deviation",15,9.14212132038677,"0.122578684348794",8.90187151379083,9.38237112698271
"351","Combined","All Basins","TAmm_Cat","5Pct",88,1,"",1,1
"352","Combined","All Basins","TAmm_Cat","10Pct",88,1,"",1,1
"353","Combined","All Basins","TAmm_Cat","25Pct",88,1,"",1,1
"354","Combined","All Basins","TAmm_Cat","50Pct",88,1,"",1,1
"355","Combined","All Basins","TAmm_Cat","75Pct",88,1,"",1,1
"356","Combined","All Basins","TAmm_Cat","90Pct",88,1,"",1,1
"357","Combined","All Basins","TAmm_Cat","95Pct",88,1,"",1,1
"358","Combined","All Basins","TAmm_Cat","Mean",88,1,"0",1,1
"359","Combined","All Basins","TAmm_Cat","Variance",88,0,"0",0,0
"360","Combined","All Basins","TAmm_Cat","Std. Deviation",88,0,"0",0,0
"361","Basin","ZONE 1","TAmm_Cat","5Pct",15,1,"",1,1
"362","Basin","ZONE 1","TAmm_Cat","10Pct",15,1,"",1,1
"363","Basin","ZONE 1","TAmm_Cat","25Pct",15,1,"",1,1
"364","Basin","ZONE 1","TAmm_Cat","50Pct",15,1,"",1,1
"365","Basin","ZONE 1","TAmm_Cat","75Pct",15,1,"",1,1
"366","Basin","ZONE 1","TAmm_Cat","90Pct",15,1,"",1,1
"367","Basin","ZONE 1","TAmm_Cat","95Pct",15,1,"",1,1
"368","Basin","ZONE 1","TAmm_Cat","Mean",15,1,"0",1,1
"369","Basin","ZONE 1","TAmm_Cat","Variance",15,0,"0",0,0
"370","Basin","ZONE 1","TAmm_Cat","Std. Deviation",15,0,"0",0,0
"371","Basin","ZONE 2","TAmm_Cat","5Pct",15,1,"",1,1
"372","Basin","ZONE 2","TAmm_Cat","10Pct",15,1,"",1,1
"373","Basin","ZONE 2","TAmm_Cat","25Pct",15,1,"",1,1
"374","Basin","ZONE 2","TAmm_Cat","50Pct",15,1,"",1,1
"375","Basin","ZONE 2","TAmm_Cat","75Pct",15,1,"",1,1
"376","Basin","ZONE 2","TAmm_Cat","90Pct",15,1,"",1,1
"377","Basin","ZONE 2","TAmm_Cat","95Pct",15,1,"",1,1
"378","Basin","ZONE 2","TAmm_Cat","Mean",15,1,"0",1,1
"379","Basin","ZONE 2","TAmm_Cat","Variance",15,0,"0",0,0
"380","Basin","ZONE 2","TAmm_Cat","Std. Deviation",15,0,"0",0,0
"381","Basin","ZONE 3","TAmm_Cat","5Pct",15,1,"",1,1
"382","Basin","ZONE 3","TAmm_Cat","10Pct",15,1,"",1,1
"383","Basin","ZONE 3","TAmm_Cat","25Pct",15,1,"",1,1
"384","Basin","ZONE 3","TAmm_Cat","50Pct",15,1,"",1,1
"385","Basin","ZONE 3","TAmm_Cat","75Pct",15,1,"",1,1
"386","Basin","ZONE 3","TAmm_Cat","90Pct",15,1,"",1,1
"387","Basin","ZONE 3","TAmm_Cat","95Pct",15,1,"",1,1
"388","Basin","ZONE 3","TAmm_Cat","Mean",15,1,"0",1,1
"389","Basin","ZONE 3","TAmm_Cat","Variance",15,0,"0",0,0
"390","Basin","ZONE 3","TAmm_Cat","Std. Deviation",15,0,"0",0,0
"391","Basin","ZONE 4","TAmm_Cat","5Pct",14,1,"",1,1
"392","Basin","ZONE 4","TAmm_Cat","10Pct",14,1,"",1,1
"393","Basin","ZONE 4","TAmm_Cat","25Pct",14,1,"",1,1
"394","Basin","ZONE 4","TAmm_Cat","50Pct",14,1,"",1,1
"395","Basin","ZONE 4","TAmm_Cat","75Pct",14,1,"",1,1
"396","Basin","ZONE 4","TAmm_Cat","90Pct",14,1,"",1,1
"397","Basin","ZONE 4","TAmm_Cat","95Pct",14,1,"",1,1
"398","Basin","ZONE 4","TAmm_Cat","Mean",14,1,"0",1,1
"399","Basin","ZONE 4","TAmm_Cat","Variance",14,0,"0",0,0
"400","Basin","ZONE 4","TAmm_Cat","Std. Deviation",14,0,"0",0,0
"401","Basin","ZONE 5","TAmm_Cat","5Pct",14,1,"",1,1
"402","Basin","ZONE 5","TAmm_Cat","10Pct",14,1,"",1,1
"403","Basin","ZONE 5","TAmm_Cat","25Pct",14,1,"",1,1
"404","Basin","ZONE 5","TAmm_Cat","50Pct",14,1,"",1,1
"405","Basin","ZONE 5","TAmm_Cat","75Pct",14,1,"",1,1
"406","Basin","ZONE 5","TAmm_Cat","90Pct",14,1,"",1,1
"407","Basin","ZONE 5","TAmm_Cat","95Pct",14,1,"",1,1
"408","Basin","ZONE 5","TAmm_Cat","Mean",14,1,"0",1,1
"409","Basin","ZONE 5","TAmm_Cat","Variance",14,0,"0",0,0
"410","Basin","ZONE 5","TAmm_Cat","Std. Deviation",14,0,"0",0,0
"411","Basin","ZONE 6","TAmm_Cat","5Pct",15,1,"",1,1
"412","Basin","ZONE 6","TAmm_Cat","10Pct",15,1,"",1,1
"413","Basin","ZONE 6","TAmm_Cat","25Pct",15,1,"",1,1
"414","Basin","ZONE 6","TAmm_Cat","50Pct",15,1,"",1,1
"415","Basin","ZONE 6","TAmm_Cat","75Pct",15,1,"",1,1
"416","Basin","ZONE 6","TAmm_Cat","90Pct",15,1,"",1,1
"417","Basin","ZONE 6","TAmm_Cat","95Pct",15,1,"",1,1
"418","Basin","ZONE 6","TAmm_Cat","Mean",15,1,"0",1,1
"419","Basin","ZONE 6","TAmm_Cat","Variance",15,0,"0",0,0
"420","Basin","ZONE 6","TAmm_Cat","Std. Deviation",15,0,"0",0,0
"421","Combined","All Basins","TN","5Pct",7,0.481660761046946,"",0.136177231649937,0.536177388127898
"422","Combined","All Basins","TN","10Pct",13,0.54094273496623,"",0.41389088606394,0.728796870929987
"423","Combined","All Basins","TN","25Pct",35,0.792302471562509,"",0.701065944211562,1.05078600018175
"424","Combined","All Basins","TN","50Pct",72,1.40563382916183,"",0.997601761635817,1.50379611129477
"425","Combined","All Basins","TN","75Pct",76,1.55299325926733,"",1.40839904912104,2.37425525582428
"426","Combined","All Basins","TN","90Pct",83,2.01237332465239,"",1.59978815835766,2.39495886598406
"427","Combined","All Basins","TN","95Pct",86,2.12053251247177,"",1.91690286724951,2.504
"428","Combined","All Basins","TN","Mean",88,1.28551016178111,"0.0644344699764935",1.15922092126426,1.41179940229797
"429","Combined","All Basins","TN","Variance",88,0.221836646417211,"0.0319663835311026",0.159183685980255,0.284489606854166
"430","Combined","All Basins","TN","Std. Deviation",88,0.403054723454717,"0.0247929885449184",0.354461358837563,0.451648088071872
"431","Basin","ZONE 1","TN","5Pct",1,0.126,"",0.126,0.139137218051554
"432","Basin","ZONE 1","TN","10Pct",1,0.131191680375345,"",0.126,0.179352513587713
"433","Basin","ZONE 1","TN","25Pct",3,0.277199721070391,"",0.131437398341933,0.556076100564935
"434","Basin","ZONE 1","TN","50Pct",7,0.588613822848376,"",0.550072678090357,0.609108091167499
"435","Basin","ZONE 1","TN","75Pct",11,0.79965554564364,"",0.598697996020503,0.851915075028296
"436","Basin","ZONE 1","TN","90Pct",13,0.848813084597072,"",0.79788769203488,1.604
"437","Basin","ZONE 1","TN","95Pct",14,1.59221298955703,"",0.841463309681448,1.604
"438","Basin","ZONE 1","TN","Mean",15,0.592399607571395,"0.0593072959705272",0.476159443448704,0.708639771694086
"439","Basin","ZONE 1","TN","Variance",15,0.121486172959369,"0.0572462953155305",0.00928549589258512,0.233686850026153
"440","Basin","ZONE 1","TN","Std. Deviation",15,0.348548666558013,"0.0821209501112843",0.187594561963685,0.509502771152341
"441","Basin","ZONE 2","TN","5Pct",0,0.469515710560859,"",0.468987001316211,0.470044419805507
"442","Basin","ZONE 2","TN","10Pct",1,0.482176645314932,"",0.126,0.506713391759485
"443","Basin","ZONE 2","TN","25Pct",3,0.518347663114817,"",0.483414584920053,0.687768865224421
"444","Basin","ZONE 2","TN","50Pct",7,0.698949402958399,"",0.632660076564669,0.773749598670165
"445","Basin","ZONE 2","TN","75Pct",11,0.824906073287395,"",0.704965490165689,2.03917594560463
"446","Basin","ZONE 2","TN","90Pct",13,0.863597669684248,"",0.824674627097995,2.104
"447","Basin","ZONE 2","TN","95Pct",14,2.02585550634946,"",0.829214167154498,2.104
"448","Basin","ZONE 2","TN","Mean",15,0.774180472163635,"0.078323926819327",0.620668396470003,0.927692547857267
"449","Basin","ZONE 2","TN","Variance",15,0.136238753833326,"0.089459394839259",0,0.311575945797022
"450","Basin","ZONE 2","TN","Std. Deviation",15,0.3691053424611,"0.121184096446243",0.131588877927436,0.606621806994765
"451","Basin","ZONE 3","TN","5Pct",0,0.390392736583176,"",0.38379576348268,0.396989709683672
"452","Basin","ZONE 3","TN","10Pct",1,0.482245170907788,"",0.126,0.540396901087361
"453","Basin","ZONE 3","TN","25Pct",4,0.774541677309912,"",0.400075783061491,1.30066918366531
"454","Basin","ZONE 3","TN","50Pct",7,1.30334977013162,"",0.776300841485116,2.03900873371948
"455","Basin","ZONE 3","TN","75Pct",11,2.04611812830848,"",1.36889339615065,2.41853164387222
"456","Basin","ZONE 3","TN","90Pct",13,2.26389026419297,"",2.02405424973036,2.504
"457","Basin","ZONE 3","TN","95Pct",14,2.42195413748613,"",2.11095334948467,2.504
"458","Basin","ZONE 3","TN","Mean",15,1.37676013716762,"0.16719694873836",1.04906013931545,1.7044601350198
"459","Basin","ZONE 3","TN","Variance",15,0.472574766141282,"0.0865812307057096",0.302878672220937,0.642270860061626
"460","Basin","ZONE 3","TN","Std. Deviation",15,0.687440736457537,"0.0629735962054509",0.564014755917885,0.810866716997189
"461","Basin","ZONE 4","TN","5Pct",0,0.707819165726125,"",0.707716674387032,0.707921657065218
"462","Basin","ZONE 4","TN","10Pct",1,0.717718308802394,"",0.126,0.755088327965478
"463","Basin","ZONE 4","TN","25Pct",3,0.761179032098769,"",0.710764734334862,0.873497682796855
"464","Basin","ZONE 4","TN","50Pct",6,0.878204833811037,"",0.769115593781088,1.00598378089622
"465","Basin","ZONE 4","TN","75Pct",10,1.10546878481571,"",0.880736908914224,1.48539748296334
"466","Basin","ZONE 4","TN","90Pct",12,1.30515587431914,"",1.10522549534884,1.504
"467","Basin","ZONE 4","TN","95Pct",13,1.47549386031934,"",1.1711894256117,1.504
"468","Basin","ZONE 4","TN","Mean",14,0.965240604746424,"0.0555167855886654",0.856429704455207,1.07405150503764
"469","Basin","ZONE 4","TN","Variance",14,0.0525530438599693,"0.0175071824443154",0.0182395967983391,0.0868664909215995
"470","Basin","ZONE 4","TN","Std. Deviation",14,0.229244506717106,"0.0381845189990087",0.154404224712064,0.304084788722149
"471","Basin","ZONE 5","TN","5Pct",0,0.673381369574076,"",0.668425829497135,0.678336909651017
"472","Basin","ZONE 5","TN","10Pct",1,0.737862926325758,"",0.126,0.747271603678179
"473","Basin","ZONE 5","TN","25Pct",3,0.75190655882756,"",0.736523394764949,0.894960146422429
"474","Basin","ZONE 5","TN","50Pct",7,0.985357058591565,"",0.770616351612924,1.59593268856614
"475","Basin","ZONE 5","TN","75Pct",10,1.60168398995554,"",1.30099026959586,1.92007235894646
"476","Basin","ZONE 5","TN","90Pct",12,1.8038074706734,"",1.59948852336618,2.004
"477","Basin","ZONE 5","TN","95Pct",13,1.92434515218258,"",1.68224469535404,2.004
"478","Basin","ZONE 5","TN","Mean",14,1.20248764866283,"0.0930360945729106",1.02014025403767,1.384835043288
"479","Basin","ZONE 5","TN","Variance",14,0.20733871437199,"0.0411763006085505",0.126634648162636,0.288042780581343
"480","Basin","ZONE 5","TN","Std. Deviation",14,0.455344610566535,"0.0452144372119825",0.366725942049802,0.543963279083268
"481","Basin","ZONE 6","TN","5Pct",13,1.40532896025767,"",0.783449936963528,1.40692995207425
"482","Basin","ZONE 6","TN","10Pct",13,1.40694322550727,"",0.818509569709626,1.41009075966529
"483","Basin","ZONE 6","TN","25Pct",13,1.41178602125606,"",1.29436058027513,1.41957322152933
"484","Basin","ZONE 6","TN","50Pct",13,1.41985734750404,"",1.40433735693043,1.58665319216738
"485","Basin","ZONE 6","TN","75Pct",14,1.54661662141711,"",1.40495780467298,1.59
"486","Basin","ZONE 6","TN","90Pct",14,1.57264664856684,"",1.40769811908065,1.59
"487","Basin","ZONE 6","TN","95Pct",14,1.58132332428342,"",1.40846448924081,1.59
"488","Basin","ZONE 6","TN","Mean",15,1.500025652601,"0.0574949022110548",1.38733771497269,1.61271359022932
"489","Basin","ZONE 6","TN","Variance",15,0.0101737568809224,"0.00189784159207133",0.00645405571210041,0.0138934580497443
"490","Basin","ZONE 6","TN","Std. Deviation",15,0.100865042908445,"0.0094078262267434",0.0824260423312162,0.119304043485673
"491","Combined","All Basins","Phosphorus_Total_as_P","5Pct",6,0.00984768651274107,"",0.00422334378547472,0.0126356026073775
"492","Combined","All Basins","Phosphorus_Total_as_P","10Pct",9,0.0127126224204237,"",0.00876251984766662,0.014792889480695
"493","Combined","All Basins","Phosphorus_Total_as_P","25Pct",39,0.0261511365181075,"",0.0139181804155528,0.0357629858826118
"494","Combined","All Basins","Phosphorus_Total_as_P","50Pct",67,0.0576628544134614,"",0.0308614313343096,0.0887355611726173
"495","Combined","All Basins","Phosphorus_Total_as_P","75Pct",85,0.172744097513325,"",0.0629214067027823,0.1945805256376
"496","Combined","All Basins","Phosphorus_Total_as_P","90Pct",86,0.186451554024385,"",0.0939240605623977,0.22
"497","Combined","All Basins","Phosphorus_Total_as_P","95Pct",86,0.193439340356963,"",0.170514001400635,0.22
"498","Combined","All Basins","Phosphorus_Total_as_P","Mean",88,0.0874034710840107,"0.00394306010787141",0.0796752152837061,0.0951317268843153
"499","Combined","All Basins","Phosphorus_Total_as_P","Variance",88,0.000959276935236245,"0.000262840278531697",0.000444119455627643,0.00147443441484485
"500","Combined","All Basins","Phosphorus_Total_as_P","Std. Deviation",88,0.0291680315801969,"0.00348346566691873",0.0223405643316544,0.0359954988287394
"501","Basin","ZONE 1","Phosphorus_Total_as_P","5Pct",1,0.003,"",0.003,0.00751273293609515
"502","Basin","ZONE 1","Phosphorus_Total_as_P","10Pct",1,0.00553098431215576,"",0.003,0.00833001535125102
"503","Basin","ZONE 1","Phosphorus_Total_as_P","25Pct",4,0.00903477655582426,"",0.00324192849041002,0.0150129415342972
"504","Basin","ZONE 1","Phosphorus_Total_as_P","50Pct",8,0.0212000766724976,"",0.010704529540872,0.0240202967628016
"505","Basin","ZONE 1","Phosphorus_Total_as_P","75Pct",11,0.052131109128728,"",0.0221670468929374,0.0937915075028295
"506","Basin","ZONE 1","Phosphorus_Total_as_P","90Pct",13,0.0934813084597072,"",0.0517775384069761,0.22
"507","Basin","ZONE 1","Phosphorus_Total_as_P","95Pct",14,0.203161413652902,"",0.0794926619362896,0.22
"508","Basin","ZONE 1","Phosphorus_Total_as_P","Mean",15,0.0406246320932538,"0.0112462321365871",0.0185824221437661,0.0626668420427415
"509","Basin","ZONE 1","Phosphorus_Total_as_P","Variance",15,0.00280764773933178,"0.00173232644530518",0,0.00620294518159624
"510","Basin","ZONE 1","Phosphorus_Total_as_P","Std. Deviation",15,0.0529872412881798,"0.0163466374469624",0.0209484206237997,0.0850260619525599
"511","Basin","ZONE 2","Phosphorus_Total_as_P","5Pct",0,0.0137251668546042,"",0.0137143715639036,0.0137359621453048
"512","Basin","ZONE 2","Phosphorus_Total_as_P","10Pct",1,0.0144504132911477,"",0.003,0.0160230805909357
"513","Basin","ZONE 2","Phosphorus_Total_as_P","25Pct",3,0.0163131214851578,"",0.0141006630020199,0.0201515533892557
"514","Basin","ZONE 2","Phosphorus_Total_as_P","50Pct",7,0.0212521986054841,"",0.0174700397023035,0.0271012740411559
"515","Basin","ZONE 2","Phosphorus_Total_as_P","75Pct",10,0.0285321119014172,"",0.0267537216049276,0.0732143473256605
"516","Basin","ZONE 2","Phosphorus_Total_as_P","90Pct",13,0.0733621584745624,"",0.0289183055317457,0.0819993793702399
"517","Basin","ZONE 2","Phosphorus_Total_as_P","95Pct",14,0.0804371101269893,"",0.0326709765501395,0.082
"518","Basin","ZONE 2","Phosphorus_Total_as_P","Mean",15,0.0287396714673564,"0.00260508612382152",0.0236337964880412,0.0338455464466717
"519","Basin","ZONE 2","Phosphorus_Total_as_P","Variance",15,0.000372719131018629,"0.000132885685350619",0.000112267973670495,0.000633170288366763
"520","Basin","ZONE 2","Phosphorus_Total_as_P","Std. Deviation",15,0.0193059351241692,"0.00344157598417127",0.0125605701451355,0.0260513001032029
"521","Basin","ZONE 3","Phosphorus_Total_as_P","5Pct",0,0.00782045862513871,"",0.00776958538271695,0.00787133186756047
"522","Basin","ZONE 3","Phosphorus_Total_as_P","10Pct",1,0.0123132104222778,"",0.003,0.0133077044105765
"523","Basin","ZONE 3","Phosphorus_Total_as_P","25Pct",3,0.0139781269531381,"",0.0122029820691752,0.0303397828731787
"524","Basin","ZONE 3","Phosphorus_Total_as_P","50Pct",8,0.040481203242435,"",0.0244596209937828,0.0627781798368252
"525","Basin","ZONE 3","Phosphorus_Total_as_P","75Pct",11,0.0639669664316132,"",0.0440770454952298,0.128558653583713
"526","Basin","ZONE 3","Phosphorus_Total_as_P","90Pct",13,0.0806964552541327,"",0.0648800146268207,0.17
"527","Basin","ZONE 3","Phosphorus_Total_as_P","95Pct",14,0.120446828811991,"",0.0770040952502539,0.17
"528","Basin","ZONE 3","Phosphorus_Total_as_P","Mean",15,0.0496436729914938,"0.00892755552068983",0.03214598570096,0.0671413602820276
"529","Basin","ZONE 3","Phosphorus_Total_as_P","Variance",15,0.00149663822678973,"0.000675377931877756",0.000172921804356186,0.00282035464922328
"530","Basin","ZONE 3","Phosphorus_Total_as_P","Std. Deviation",15,0.0386864088122655,"0.00872887859862076",0.0215781211335463,0.0557946964909846
"531","Basin","ZONE 4","Phosphorus_Total_as_P","5Pct",0,0.0116727113883761,"",0.0116677221515159,0.0116777006252363
"532","Basin","ZONE 4","Phosphorus_Total_as_P","10Pct",1,0.0123586320051169,"",0.003,0.0160339764115798
"533","Basin","ZONE 4","Phosphorus_Total_as_P","25Pct",3,0.0164613643823681,"",0.0120556224444355,0.0228847890579076
"534","Basin","ZONE 4","Phosphorus_Total_as_P","50Pct",6,0.0269601655475249,"",0.0165533033310115,0.0343747547382785
"535","Basin","ZONE 4","Phosphorus_Total_as_P","75Pct",10,0.0344688571435397,"",0.0281977918230895,0.0908818149145524
"536","Basin","ZONE 4","Phosphorus_Total_as_P","90Pct",12,0.0709158884785458,"",0.034223728737598,0.093
"537","Basin","ZONE 4","Phosphorus_Total_as_P","95Pct",13,0.0894367325399177,"",0.0476777708110126,0.093
"538","Basin","ZONE 4","Phosphorus_Total_as_P","Mean",14,0.0333040694239083,"0.00543418602908691",0.0226532605216072,0.0439548783262094
"539","Basin","ZONE 4","Phosphorus_Total_as_P","Variance",14,0.000509346803229813,"0.000222413037289316",7.34252604505892e-05,0.000945268346009037
"540","Basin","ZONE 4","Phosphorus_Total_as_P","Std. Deviation",14,0.022568712928074,"0.00492746391870335",0.0129110611122948,0.0322263647438531
"541","Basin","ZONE 5","Phosphorus_Total_as_P","5Pct",0,0.00768093378546311,"",0.00762000364434241,0.0077418639265838
"542","Basin","ZONE 5","Phosphorus_Total_as_P","10Pct",1,0.0143618675709262,"",0.003,0.0261861789599874
"543","Basin","ZONE 5","Phosphorus_Total_as_P","25Pct",2,0.0266859239751642,"",0.0146576278357561,0.0394751161582561
"544","Basin","ZONE 5","Phosphorus_Total_as_P","50Pct",7,0.0500347598011414,"",0.028446644810728,0.0606949484977359
"545","Basin","ZONE 5","Phosphorus_Total_as_P","75Pct",10,0.0743343625712337,"",0.0505226909699731,0.0947599720059569
"546","Basin","ZONE 5","Phosphorus_Total_as_P","90Pct",12,0.0875689531089563,"",0.0742536288021319,0.1
"547","Basin","ZONE 5","Phosphorus_Total_as_P","95Pct",13,0.0959631453556486,"",0.0840249727891868,0.1
"548","Basin","ZONE 5","Phosphorus_Total_as_P","Mean",14,0.0512253328870423,"0.00509925235232877",0.0412309819283967,0.0612196838456878
"549","Basin","ZONE 5","Phosphorus_Total_as_P","Variance",14,0.000744086050688974,"0.000183614031046551",0.000384209162781514,0.00110396293859643
"550","Basin","ZONE 5","Phosphorus_Total_as_P","Std. Deviation",14,0.0272779407340249,"0.00336561386427389",0.0206814587741794,0.0338744226938704
"551","Basin","ZONE 6","Phosphorus_Total_as_P","5Pct",13,0.170830600161047,"",0.0156597806012933,0.171831220046407
"552","Basin","ZONE 6","Phosphorus_Total_as_P","10Pct",13,0.171839515942044,"",0.02036740729693,0.173806724790804
"553","Basin","ZONE 6","Phosphorus_Total_as_P","25Pct",13,0.174866263285037,"",0.109373397808348,0.179733263455829
"554","Basin","ZONE 6","Phosphorus_Total_as_P","50Pct",13,0.179910842190025,"",0.170210848081516,0.199221672597066
"555","Basin","ZONE 6","Phosphorus_Total_as_P","75Pct",14,0.189910842190025,"",0.17059862792061,0.2
"556","Basin","ZONE 6","Phosphorus_Total_as_P","90Pct",14,0.19596433687601,"",0.172311324425403,0.2
"557","Basin","ZONE 6","Phosphorus_Total_as_P","95Pct",14,0.197982168438005,"",0.172790305775509,0.2
"558","Basin","ZONE 6","Phosphorus_Total_as_P","Mean",15,0.188674844361583,"0.0068176381845288",0.175312519060282,0.202037169662885
"559","Basin","ZONE 6","Phosphorus_Total_as_P","Variance",15,0.00030348589983784,"0.000123158756003536",6.20991736901532e-05,0.000544872625985526
"560","Basin","ZONE 6","Phosphorus_Total_as_P","Std. Deviation",15,0.0174208467026675,"0.00353480970545128",0.0104927469877803,0.0243489464175546
