"","PK_RANDOM_SAMPLE_LOCATION","FK_EPA_RANDOM_ID","NEST1_WT","EPA_OVERSAMPLE","EPA_DIVISION","RESOURCE_TYPE","REPORTING_UNIT","RANDOM_LATITUDE","RANDOM_LONGITUDE","HYDROLOGIC_UNIT_CODE","HYDROLOGIC_UNIT_NAME","CAN_BE_SAMPLED","EXCLUSION_CATEGORY","EXCLUSION_CRITERIA","SAMPLED_DATE","HECTARES","ANALYSIS_SUITE","LOCATIONAL_DATUM","FK_PROJECT","NUTRIENT_WATERSHED_REGION","SCI_DO_BIOREGION_2012","TN_NNC","TP_NNC","DO_Conc"
"1","Z1-LL-13001","FLLL19001-001",1356.61080216,0,NA,"LARGE LAKE","ZONE 1",305150.5087,855817.65672,3140203,"LOWER CHOCTAWHATCHEE","Y",NA,NA,2019-05-16,16.6568026975,"A","HGPN","Z1LL1905","PANHANDLE WEST","PANHANDLE",0.67,0.06,67
"2","Z1-LL-13002","FLLL19001-002",1654.9145259,0,NA,"LARGE LAKE","ZONE 1",304431.53885,845407.80542,3130004,"LOWER CHATTAHOOCHEE","Y",NA,NA,2019-06-03,1692.85677822,"A","HGPN","Z1LL1905","PANHANDLE WEST","PANHANDLE",0.67,0.06,67
"3","Z1-LL-13003","FLLL19001-003",1369.35119181,0,NA,"LARGE LAKE","ZONE 1",303809.98583,841156.72016,3120003,"LOWER OCHLOCKONEE","Y",NA,NA,2019-05-29,1015.47034065,"A","HGPN","Z1LL1905","PANHANDLE EAST","PANHANDLE",1.03,0.18,67
"4","Z1-LL-13004","FLLL19001-004",1019.34864653,0,NA,"LARGE LAKE","ZONE 1",294720.34745,850658.94413,3130011,"APALACHICOLA","N","WRONG RESOURCE/NOT PART OF TARGET POPULATION","ESTUARY",NA,1632.19352845,NA,"HGPN","Z1LL1905","PANHANDLE WEST","PANHANDLE",0.67,0.06,67
"5","Z1-LL-13005","FLLL19001-005",1255.21580181,0,NA,"LARGE LAKE","ZONE 1",302827.39481,853523.08173,3140101,"ST. ANDREW-ST. JOSEPH BAYS","Y",NA,NA,2019-05-29,160.535089057,"A","HGPN","Z1LL1905","PANHANDLE WEST","PANHANDLE",0.67,0.06,67
"6","Z1-LL-13006","FLLL19001-006",1255.21580181,0,NA,"LARGE LAKE","ZONE 1",303524.89786,842757.45722,3120003,"LOWER OCHLOCKONEE","Y",NA,NA,2019-06-13,59.3776143013,"A","HGPN","Z1LL1905","PANHANDLE EAST","PANHANDLE",1.03,0.18,67
"7","Z1-LL-13007","FLLL19001-007",1369.35119181,0,NA,"LARGE LAKE","ZONE 1",303400.41555,841828.57483,3120003,"LOWER OCHLOCKONEE","N","UNABLE TO ACCESS","UNABLE TO GET EQUIPMENT TO RANDOM LOCATION",NA,283.092709149,NA,"HGPN","Z1LL1905","PANHANDLE EAST","PANHANDLE",1.03,0.18,67
"8","Z1-LL-13008","FLLL19001-008",1654.9145259,0,NA,"LARGE LAKE","ZONE 1",302344.10077,843842.38009,3120003,"LOWER OCHLOCKONEE","Y",NA,NA,2019-05-31,3271.88679949,"A","HGPN","Z1LL1905","PANHANDLE EAST","PANHANDLE",1.03,0.18,67
"9","Z1-LL-13009","FLLL19001-009",1255.21580181,0,NA,"LARGE LAKE","ZONE 1",302919.19938,854249.44329,3140203,"LOWER CHOCTAWHATCHEE","Y",NA,NA,2019-06-04,66.2091499183,"A","HGPN","Z1LL1905","PANHANDLE WEST","PANHANDLE",0.67,0.06,67
"10","Z1-LL-13010","FLLL19001-010",1356.61080216,0,NA,"LARGE LAKE","ZONE 1",302930.84244,864702.43763,3140105,"PENSACOLA BAY","N","UNABLE TO ACCESS","UNABLE TO GET EQUIPMENT TO RANDOM LOCATION",NA,36.7342078998,NA,"HGPN","Z1LL1905","PANHANDLE WEST","PANHANDLE",0.67,0.06,67
"11","Z1-LL-13011","FLLL19001-011",1356.61080216,0,NA,"LARGE LAKE","ZONE 1",302125.67755,842253.04469,3120001,"APALACHEE BAY-ST. MARKS","Y",NA,NA,2019-05-30,10.9824561245,"A","HGPN","Z1LL1905","PANHANDLE EAST","BIG BEND",1.03,0.18,34
"12","Z1-LL-13012","FLLL19001-012",1654.9145259,0,NA,"LARGE LAKE","ZONE 1",302648.50071,843334.21671,3120003,"LOWER OCHLOCKONEE","Y",NA,NA,2019-06-10,3271.88679949,"A","HGPN","Z1LL1905","PANHANDLE EAST","PANHANDLE",1.03,0.18,67
"13","Z1-LL-13013","FLLL19001-013",1369.35119181,0,NA,"LARGE LAKE","ZONE 1",304622.44761,860719.25142,3140203,"LOWER CHOCTAWHATCHEE","Y",NA,NA,2019-05-16,235.144576865,"A","HGPN","Z1LL1905","PANHANDLE WEST","PANHANDLE",0.67,0.06,67
"14","Z1-LL-13014","FLLL19001-014",1019.34864653,0,NA,"LARGE LAKE","ZONE 1",303137.41354,841906.62558,3120003,"LOWER OCHLOCKONEE","Y",NA,NA,2019-05-23,1425.85241114,"A","HGPN","Z1LL1905","PANHANDLE EAST","PANHANDLE",1.03,0.18,67
"15","Z1-LL-13015","FLLL19001-015",1019.34864653,0,NA,"LARGE LAKE","ZONE 1",294745.30256,850854.74924,3130011,"APALACHICOLA","N","WRONG RESOURCE/NOT PART OF TARGET POPULATION","ESTUARY",NA,1632.19352845,NA,"HGPN","Z1LL1905","PANHANDLE WEST","PANHANDLE",0.67,0.06,67
"16","Z1-LL-13016","FLLL19001-016",1369.35119181,1,NA,"LARGE LAKE","ZONE 1",301915.52937,853509.67702,3140101,"ST. ANDREW-ST. JOSEPH BAYS","Y",NA,NA,2019-06-04,1200.3969333,"A","HGPN","Z1LL1905","PANHANDLE WEST","PANHANDLE",0.67,0.06,67
"17","Z1-LL-13017","FLLL19001-017",1255.21580181,1,NA,"LARGE LAKE","ZONE 1",304141.40763,854507.02827,3140203,"LOWER CHOCTAWHATCHEE","Y",NA,NA,2019-06-05,156.524166413,"A","HGPN","Z1LL1905","PANHANDLE WEST","PANHANDLE",0.67,0.06,67
"18","Z1-LL-13018","FLLL19001-018",1654.9145259,1,NA,"LARGE LAKE","ZONE 1",304551.70893,845543.79794,3130004,"LOWER CHATTAHOOCHEE","Y",NA,NA,2019-06-03,1692.85677822,"A","HGPN","Z1LL1905","PANHANDLE WEST","PANHANDLE",0.67,0.06,67
"19","Z1-LL-13019","FLLL19001-019",1356.61080216,1,NA,"LARGE LAKE","ZONE 1",303446.14909,841457.05055,3120003,"LOWER OCHLOCKONEE","N","WRONG RESOURCE/NOT PART OF TARGET POPULATION","ESTABLISHED LAKE SIZE VIA BEST PROFESSIONAL JUDGEMENT IS LESS THAN FOUR HECTARES",NA,12.0758986873,NA,"HGPN","Z1LL1905","PANHANDLE EAST","PANHANDLE",1.03,0.18,67
"20","Z1-LL-13020","FLLL19001-020",1654.9145259,1,NA,"LARGE LAKE","ZONE 1",302714.66479,843030.43072,3120003,"LOWER OCHLOCKONEE","Y",NA,NA,2019-06-10,3271.88679949,"A","HGPN","Z1LL1905","PANHANDLE EAST","PANHANDLE",1.03,0.18,67
"21","Z2-LL-13001","FLLL19001-151",505.27353527,0,NA,"LARGE LAKE","ZONE 2",295028.51668,833409.43864,3110102,"ECONFINA-STEINHATCHEE","N","NO PERMISSION FROM OWNER","ACCESS DENIED BY PROPERTY OWNER",NA,24.7766037609,NA,"HGPN","Z2LL1905","PANHANDLE EAST","BIG BEND",1.03,0.18,34
"22","Z2-LL-13002","FLLL19001-152",511.40180542,0,NA,"LARGE LAKE","ZONE 2",301322.22962,822651.0777,3070204,"ST. MARYS","Y",NA,NA,2019-05-07,729.891908071,"A","HGPN","Z2LL1905","PENINSULAR","NORTHEAST",1.54,0.12,34
"23","Z2-LL-13003","FLLL19001-153",544.390135431,0,NA,"LARGE LAKE","ZONE 2",294514.64307,820407.53233,3110206,"SANTA FE","Y",NA,NA,2019-05-06,1633.17040629,"A","HGPN","Z2LL1905","NORTH CENTRAL","BIG BEND",1.87,0.3,34
"24","Z2-LL-13004","FLLL19001-154",511.40180542,0,NA,"LARGE LAKE","ZONE 2",295552.61731,821022.339,3110206,"SANTA FE","N","UNABLE TO ACCESS","UNABLE TO GET EQUIPMENT TO RANDOM LOCATION",NA,804.313508191,NA,"HGPN","Z2LL1905","NORTH CENTRAL","BIG BEND",1.87,0.3,34
"25","Z2-LL-13005","FLLL19001-155",505.27353527,0,NA,"LARGE LAKE","ZONE 2",303534.36575,833944.03025,3110103,"AUCILLA","N","NO PERMISSION FROM OWNER","UNABLE TO OBTAIN PERMISSION FROM OWNER",NA,14.8465771486,NA,"HGPN","Z2LL1905","PANHANDLE EAST","BIG BEND",1.03,0.18,34
"26","Z2-LL-13006","FLLL19001-156",505.27353527,0,NA,"LARGE LAKE","ZONE 2",301310.93512,824759.75422,3110201,"UPPER SUWANNEE","Y",NA,NA,2019-05-08,23.0542133726,"A","HGPN","Z2LL1905","NORTH CENTRAL","BIG BEND",1.87,0.3,34
"27","Z2-LL-13007","FLLL19001-157",544.486338806,0,NA,"LARGE LAKE","ZONE 2",294638.67001,820557.93568,3110206,"SANTA FE","Y",NA,NA,2019-05-06,466.62652565,"A","HGPN","Z2LL1905","NORTH CENTRAL","BIG BEND",1.87,0.3,34
"28","Z2-LL-13008","FLLL19001-158",511.40180542,0,NA,"LARGE LAKE","ZONE 2",301345.99823,822536.5213,3070204,"ST. MARYS","Y",NA,NA,2019-05-07,729.891908071,"A","HGPN","Z2LL1905","PENINSULAR","NORTHEAST",1.54,0.12,34
"29","Z2-LL-13009","FLLL19001-159",505.27353527,0,NA,"LARGE LAKE","ZONE 2",303632.82677,832541.96772,3110203,"WITHLACOOCHEE","N","NO PERMISSION FROM OWNER","UNABLE TO OBTAIN PERMISSION FROM OWNER",NA,11.0901207515,NA,"HGPN","Z2LL1905","NORTH CENTRAL","BIG BEND",1.87,0.3,34
"30","Z2-LL-13010","FLLL19001-160",544.390135431,0,NA,"LARGE LAKE","ZONE 2",294334.3463,820449.22016,3110206,"SANTA FE","Y",NA,NA,2019-05-06,1633.17040629,"A","HGPN","Z2LL1905","NORTH CENTRAL","BIG BEND",1.87,0.3,34
"31","Z2-LL-13011","FLLL19001-161",505.27353527,0,NA,"LARGE LAKE","ZONE 2",294655.90689,820703.30399,3110206,"SANTA FE","N","NO PERMISSION FROM OWNER","ACCESS DENIED BY PROPERTY OWNER",NA,27.1856350979,NA,"HGPN","Z2LL1905","NORTH CENTRAL","BIG BEND",1.87,0.3,34
"32","Z2-LL-13012","FLLL19001-162",544.486338806,0,NA,"LARGE LAKE","ZONE 2",300745.36925,822501.39932,3070204,"ST. MARYS","Y",NA,NA,2019-05-07,373.104808728,"A","HGPN","Z2LL1905","PENINSULAR","NORTHEAST",1.54,0.12,34
"33","Z2-LL-13013","FLLL19001-163",445.899717659,0,NA,"LARGE LAKE","ZONE 2",301028.61646,823719.24609,3110206,"SANTA FE","Y",NA,NA,2019-05-08,68.1654485241,"A","HGPN","Z2LL1905","NORTH CENTRAL","BIG BEND",1.87,0.3,34
"34","Z2-LL-13014","FLLL19001-164",544.486338806,0,NA,"LARGE LAKE","ZONE 2",294601.30818,820454.86545,3110206,"SANTA FE","Y",NA,NA,2019-05-06,466.62652565,"A","HGPN","Z2LL1905","NORTH CENTRAL","BIG BEND",1.87,0.3,34
"35","Z2-LL-13015","FLLL19001-165",544.486338806,0,NA,"LARGE LAKE","ZONE 2",295139.04072,821000.89088,3110206,"SANTA FE","Y",NA,NA,2019-05-07,336.217270115,"A","HGPN","Z2LL1905","NORTH CENTRAL","BIG BEND",1.87,0.3,34
"36","Z2-LL-13016","FLLL19001-166",511.40180542,1,NA,"LARGE LAKE","ZONE 2",295549.32055,821115.36715,3110206,"SANTA FE","N","UNABLE TO ACCESS","UNABLE TO GET EQUIPMENT TO RANDOM LOCATION",NA,804.313508191,NA,"HGPN","Z2LL1905","NORTH CENTRAL","BIG BEND",1.87,0.3,34
"37","Z2-LL-13017","FLLL19001-167",505.27353527,1,NA,"LARGE LAKE","ZONE 2",301717.91739,831856.3414,3110205,"LOWER SUWANNEE","N","UNABLE TO ACCESS","UNABLE TO GET EQUIPMENT TO RANDOM LOCATION",NA,44.2090280265,NA,"HGPN","Z2LL1905","NORTH CENTRAL","BIG BEND",1.87,0.3,34
"38","Z2-LL-13018","FLLL19001-168",511.40180542,1,NA,"LARGE LAKE","ZONE 2",301309.72557,822636.38261,3070204,"ST. MARYS","Y",NA,NA,2019-05-08,729.891908071,"A","HGPN","Z2LL1905","PENINSULAR","NORTHEAST",1.54,0.12,34
"39","Z2-LL-13019","FLLL19001-169",544.486338806,1,NA,"LARGE LAKE","ZONE 2",294600.09689,820557.52502,3110206,"SANTA FE","Y",NA,NA,2019-06-04,466.62652565,"A","HGPN","Z2LL1905","NORTH CENTRAL","BIG BEND",1.87,0.3,34
"40","Z2-LL-13020","FLLL19001-170",445.899717659,1,NA,"LARGE LAKE","ZONE 2",295454.85844,820924.80721,3110206,"SANTA FE","N","UNABLE TO ACCESS","UNABLE TO GET EQUIPMENT TO RANDOM LOCATION",NA,143.598278682,NA,"HGPN","Z2LL1905","NORTH CENTRAL","BIG BEND",1.87,0.3,34
"41","Z2-LL-13021","FLLL19001-171",505.27353527,1,NA,"LARGE LAKE","ZONE 2",303226.45281,833238.96299,3110103,"AUCILLA","N","NO PERMISSION FROM OWNER","UNABLE TO OBTAIN PERMISSION FROM OWNER",NA,10.160701609,NA,"HGPN","Z2LL1905","PANHANDLE EAST","BIG BEND",1.03,0.18,34
"42","Z2-LL-13022","FLLL19001-172",505.27353527,1,NA,"LARGE LAKE","ZONE 2",301624.1088,825511.81268,3110205,"LOWER SUWANNEE","N","NO PERMISSION FROM OWNER","UNABLE TO OBTAIN PERMISSION FROM OWNER",NA,14.5222119109,NA,"HGPN","Z2LL1905","NORTH CENTRAL","BIG BEND",1.87,0.3,34
"43","Z2-LL-13023","FLLL19001-173",544.486338806,1,NA,"LARGE LAKE","ZONE 2",294617.60811,820552.5967,3110206,"SANTA FE","Y",NA,NA,2019-06-04,466.62652565,"A","HGPN","Z2LL1905","NORTH CENTRAL","BIG BEND",1.87,0.3,34
"44","Z2-LL-13024","FLLL19001-174",511.40180542,1,NA,"LARGE LAKE","ZONE 2",301412.55545,822538.76418,3070204,"ST. MARYS","Y",NA,NA,2019-06-04,729.891908071,"A","HGPN","Z2LL1905","PENINSULAR","NORTHEAST",1.54,0.12,34
"45","Z2-LL-13025","FLLL19001-175",505.27353527,1,NA,"LARGE LAKE","ZONE 2",302733.49773,832802.24734,3110103,"AUCILLA","N","UNABLE TO ACCESS","UNABLE TO GET EQUIPMENT TO RANDOM LOCATION",NA,40.9191189006,NA,"HGPN","Z2LL1905","PANHANDLE EAST","BIG BEND",1.03,0.18,34
"46","Z2-LL-13026","FLLL19001-176",544.390135431,1,NA,"LARGE LAKE","ZONE 2",294323.01401,820457.18011,3110206,"SANTA FE","Y",NA,NA,2019-06-10,1633.17040629,"A","HGPN","Z2LL1905","NORTH CENTRAL","BIG BEND",1.87,0.3,34
"47","Z3-LL-13001","FLLL19001-301",7509.08634617,0,NA,"LARGE LAKE","ZONE 3",282718.30069,812050.97575,3090101,"KISSIMMEE","Y",NA,NA,2019-05-29,436.894845252,"A","HGPN","Z3LL1905","PENINSULAR","PENINSULA",1.54,0.12,38
"48","Z3-LL-13002","FLLL19001-302",7509.08634617,0,NA,"LARGE LAKE","ZONE 3",285801.35703,814217.19937,3080102,"OKLAWAHA","Y",NA,NA,2019-05-30,198.343458918,"A","HGPN","Z3LL1905","PENINSULAR","PENINSULA",1.54,0.12,38
"49","Z3-LL-13003","FLLL19001-303",10030.0615089,0,NA,"LARGE LAKE","ZONE 3",283420.30544,813732.12362,3080102,"OKLAWAHA","Y",NA,NA,2019-05-09,12497.9663527,"A","HGPN","Z3LL1905","PENINSULAR","PENINSULA",1.54,0.12,38
"50","Z3-LL-13004","FLLL19001-304",7459.7381099,0,NA,"LARGE LAKE","ZONE 3",293052.87372,815110.21571,3080102,"OKLAWAHA","Y",NA,NA,2019-05-16,1840.67311279,"A","HGPN","Z3LL1905","PENINSULAR","PENINSULA",1.54,0.12,38
"51","Z3-LL-13005","FLLL19001-305",7459.7381099,0,NA,"LARGE LAKE","ZONE 3",284426.39155,811258.90348,3080101,"UPPER ST. JOHNS","Y",NA,NA,2019-05-23,3260.91273975,"A","HGPN","Z3LL1905","PENINSULAR","PENINSULA",1.54,0.12,38
"52","Z3-LL-13006","FLLL19001-306",7459.7381099,0,NA,"LARGE LAKE","ZONE 3",284714.11314,814026.57107,3080102,"OKLAWAHA","Y",NA,NA,2019-05-14,1774.60470027,"A","HGPN","Z3LL1905","PENINSULAR","PENINSULA",1.54,0.12,38
"53","Z3-LL-13007","FLLL19001-307",8106.99376713,0,NA,"LARGE LAKE","ZONE 3",282703.50976,814228.06107,3090101,"KISSIMMEE","N","NO PERMISSION FROM OWNER","ACCESS DENIED BY PROPERTY OWNER",NA,66.2684731731,NA,"HGPN","Z3LL1905","PENINSULAR","PENINSULA",1.54,0.12,38
"54","Z3-LL-13008","FLLL19001-308",10030.0615089,0,NA,"LARGE LAKE","ZONE 3",292214.8333,813608.90929,3080101,"UPPER ST. JOHNS","Y",NA,NA,2019-05-20,17592.218174,"A","HGPN","Z3LL1905","PENINSULAR","PENINSULA",1.54,0.12,38
"55","Z3-LL-13009","FLLL19001-309",7509.08634617,0,NA,"LARGE LAKE","ZONE 3",283828.15096,805609.23568,3080101,"UPPER ST. JOHNS","N","DRY","SMALL LAKE OR LARGE LAKE DEPTH < 1 METER AT DEEPEST POINT",NA,262.741421384,NA,"HGPN","Z3LL1905","PENINSULAR","PENINSULA",1.54,0.12,38
"56","Z3-LL-13010","FLLL19001-310",7258.72407228,0,NA,"LARGE LAKE","ZONE 3",284600.61251,814806.40511,3080102,"OKLAWAHA","Y",NA,NA,2019-05-13,7452.64948262,"A","HGPN","Z3LL1905","PENINSULAR","PENINSULA",1.54,0.12,38
"57","Z3-LL-13011","FLLL19001-311",7459.7381099,0,NA,"LARGE LAKE","ZONE 3",292548.82655,820936.01012,3080102,"OKLAWAHA","Y",NA,NA,2019-05-16,2945.27958488,"A","HGPN","Z3LL1905","PENINSULAR","PENINSULA",1.54,0.12,38
"58","Z3-LL-13012","FLLL19001-312",7258.72407228,0,NA,"LARGE LAKE","ZONE 3",292532.4142,812839.27848,3080103,"LOWER ST. JOHNS","Y",NA,NA,2019-05-20,6940.20034988,"A","HGPN","Z3LL1905","PENINSULAR","PENINSULA",1.54,0.12,38
"59","Z3-LL-13013","FLLL19001-313",7509.08634617,0,NA,"LARGE LAKE","ZONE 3",290003.20842,813649.60072,3080101,"UPPER ST. JOHNS","Y",NA,NA,2019-05-15,695.175772748,"A","HGPN","Z3LL1905","PENINSULAR","PENINSULA",1.54,0.12,38
"60","Z3-LL-13014","FLLL19001-314",10030.0615089,0,NA,"LARGE LAKE","ZONE 3",283839.44935,813706.25942,3080102,"OKLAWAHA","Y",NA,NA,2019-05-09,12497.9663527,"A","HGPN","Z3LL1905","PENINSULAR","PENINSULA",1.54,0.12,38
"61","Z3-LL-13015","FLLL19001-315",8106.99376713,0,NA,"LARGE LAKE","ZONE 3",293700.16686,814221.57619,3080103,"LOWER ST. JOHNS","Y",NA,NA,2019-05-15,15.322173717,"A","HGPN","Z3LL1905","PENINSULAR","PENINSULA",1.54,0.12,38
"62","Z3-LL-13016","FLLL19001-316",10030.0615089,1,NA,"LARGE LAKE","ZONE 3",291537.14663,813708.87161,3080101,"UPPER ST. JOHNS","Y",NA,NA,2019-05-20,17592.218174,"A","HGPN","Z3LL1905","PENINSULAR","PENINSULA",1.54,0.12,38
"63","Z3-LL-13017","FLLL19001-317",8106.99376713,1,NA,"LARGE LAKE","ZONE 3",283019.98183,812312.44056,3090101,"KISSIMMEE","Y",NA,NA,2019-05-22,107.450092794,"A","HGPN","Z3LL1905","PENINSULAR","PENINSULA",1.54,0.12,38
"64","Z4-LL-13001","FLLL19001-451",2898.34602312,0,NA,"LARGE LAKE","ZONE 4",275127.8924,824657.43729,3100207,"CRYSTAL-PITHLACHASCOTEE","Y",NA,NA,2019-05-02,275.926829738,"A","HGPN","Z4LL1905","PENINSULAR","PENINSULA",1.54,0.12,38
"65","Z4-LL-13002","FLLL19001-452",2920.62386854,0,NA,"LARGE LAKE","ZONE 4",273332.91883,813032.25906,3090101,"KISSIMMEE","Y",NA,NA,2019-05-07,73.4699133141,"A","HGPN","Z4LL1905","PENINSULAR","PENINSULA",1.54,0.12,38
"66","Z4-LL-13003","FLLL19001-453",2898.34602312,0,NA,"LARGE LAKE","ZONE 4",275915.22007,814541.28975,3100101,"PEACE","Y",NA,NA,2019-05-15,261.875760489,"A","HGPN","Z4LL1905","WEST CENTRAL","PENINSULA",1.65,0.49,38
"67","Z4-LL-13004","FLLL19001-454",2920.62386854,0,NA,"LARGE LAKE","ZONE 4",274702.77844,813208.39866,3090101,"KISSIMMEE","N","UNABLE TO ACCESS","UNABLE TO GET EQUIPMENT TO RANDOM LOCATION",NA,165.543884911,NA,"HGPN","Z4LL1905","PENINSULAR","PENINSULA",1.54,0.12,38
"68","Z4-LL-13005","FLLL19001-455",2957.3436764,0,NA,"LARGE LAKE","ZONE 4",284911.08104,820802.82112,3100208,"WITHLACOOCHEE","Y",NA,NA,2019-05-30,1318.68151508,"A","HGPN","Z4LL1905","PENINSULAR","PENINSULA",1.54,0.12,38
"69","Z4-LL-13006","FLLL19001-456",2898.34602312,0,NA,"LARGE LAKE","ZONE 4",271253.88063,822018.09561,3100102,"MYAKKA","N","WRONG RESOURCE/NOT PART OF TARGET POPULATION","GIS COVERAGE INCORRECT, WATERBODY NOT PRESENT AT RANDOM LOCATION",NA,217.920994545,NA,"HGPN","Z4LL1905","WEST CENTRAL","PENINSULA",1.65,0.49,38
"70","Z4-LL-13007","FLLL19001-457",2920.62386854,0,NA,"LARGE LAKE","ZONE 4",280332.30602,814236.3477,3100101,"PEACE","Y",NA,NA,2019-05-28,105.594448494,"A","HGPN","Z4LL1905","WEST CENTRAL","PENINSULA",1.65,0.49,38
"71","Z4-LL-13008","FLLL19001-458",2989.35037814,0,NA,"LARGE LAKE","ZONE 4",273851.33856,812839.11147,3090101,"KISSIMMEE","Y",NA,NA,2019-05-15,37.7382655607,"A","HGPN","Z4LL1905","PENINSULAR","PENINSULA",1.54,0.12,38
"72","Z4-LL-13009","FLLL19001-459",2920.62386854,0,NA,"LARGE LAKE","ZONE 4",272603.44983,812426.53292,3090101,"KISSIMMEE","Y",NA,NA,2019-05-29,134.486505143,"A","HGPN","Z4LL1905","PENINSULAR","PENINSULA",1.54,0.12,38
"73","Z4-LL-13010","FLLL19001-460",2989.35037814,0,NA,"LARGE LAKE","ZONE 4",280856.50153,822812.75141,3100206,"TAMPA BAY","Y",NA,NA,2019-05-21,31.4230102309,"A","HGPN","Z4LL1905","PENINSULAR","PENINSULA",1.54,0.12,38
"74","Z4-LL-13011","FLLL19001-461",2989.35037814,0,NA,"LARGE LAKE","ZONE 4",280304.24089,814520.38258,3100101,"PEACE","Y",NA,NA,2019-05-08,37.5864878286,"A","HGPN","Z4LL1905","WEST CENTRAL","PENINSULA",1.65,0.49,38
"75","Z4-LL-13012","FLLL19001-462",2920.62386854,0,NA,"LARGE LAKE","ZONE 4",282224.49608,823150.219,3100207,"CRYSTAL-PITHLACHASCOTEE","Y",NA,NA,2019-05-22,123.71570271,"A","HGPN","Z4LL1905","PENINSULAR","PENINSULA",1.54,0.12,38
"76","Z4-LL-13013","FLLL19001-463",2920.62386854,0,NA,"LARGE LAKE","ZONE 4",273030.84108,812623.19462,3090101,"KISSIMMEE","N","WRONG RESOURCE/NOT PART OF TARGET POPULATION","GIS COVERAGE INCORRECT, WATERBODY NOT PRESENT AT RANDOM LOCATION",NA,151.2713252,NA,"HGPN","Z4LL1905","PENINSULAR","PENINSULA",1.54,0.12,38
"77","Z4-LL-13014","FLLL19001-464",2957.3436764,0,NA,"LARGE LAKE","ZONE 4",274716.72533,814018.00505,3100101,"PEACE","Y",NA,NA,2019-06-03,513.268320318,"A","HGPN","Z4LL1905","WEST CENTRAL","PENINSULA",1.65,0.49,38
"78","Z4-LL-13015","FLLL19001-465",2920.62386854,0,NA,"LARGE LAKE","ZONE 4",275955.76697,814314.2092,3100101,"PEACE","Y",NA,NA,2019-05-15,113.125761128,"A","HGPN","Z4LL1905","WEST CENTRAL","PENINSULA",1.65,0.49,38
"79","Z4-LL-13016","FLLL19001-466",2989.35037814,1,NA,"LARGE LAKE","ZONE 4",283134.69887,820803.25227,3100208,"WITHLACOOCHEE","N","WRONG RESOURCE/NOT PART OF TARGET POPULATION","WETLANDS",NA,42.9690703767,NA,"HGPN","Z4LL1905","PENINSULAR","PENINSULA",1.54,0.12,38
"80","Z4-LL-13017","FLLL19001-467",2957.3436764,1,NA,"LARGE LAKE","ZONE 4",280812.65479,824343.97689,3100206,"TAMPA BAY","Y",NA,NA,2019-05-02,1023.40486827,"A","HGPN","Z4LL1905","PENINSULAR","PENINSULA",1.54,0.12,38
"81","Z4-LL-13018","FLLL19001-468",3070.43473641,1,NA,"LARGE LAKE","ZONE 4",271405.48168,812112.25467,3090101,"KISSIMMEE","Y",NA,NA,2019-06-11,1379.43597723,"A","HGPN","Z4LL1905","PENINSULAR","PENINSULA",1.54,0.12,38
"82","Z5-LL-13001","FLLL19001-601",4182.93278811,0,NA,"LARGE LAKE","ZONE 5",282601.19715,813837.78141,3090101,"KISSIMMEE","Y",NA,NA,2019-06-04,158.142887429,"A","HGPN","Z5LL1905","PENINSULAR","PENINSULA",1.54,0.12,38
"83","Z5-LL-13002","FLLL19001-602",3575.80277383,0,NA,"LARGE LAKE","ZONE 5",280422.02398,812002.08541,3090101,"KISSIMMEE","Y",NA,NA,2019-06-11,1291.78278212,"A","HGPN","Z5LL1905","PENINSULAR","PENINSULA",1.54,0.12,38
"84","Z5-LL-13003","FLLL19001-603",4233.44486044,0,NA,"LARGE LAKE","ZONE 5",275541.29761,811400.24548,3090101,"KISSIMMEE","N","UNABLE TO ACCESS","NO OPEN WATER AVAILABLE AT LAKE SAMPLING POINT",NA,12700.3345813,NA,"HGPN","Z5LL1905","PENINSULAR","PENINSULA",1.54,0.12,38
"85","Z5-LL-13004","FLLL19001-604",4233.44486044,0,NA,"LARGE LAKE","ZONE 5",275507.32772,811554.11531,3090101,"KISSIMMEE","Y",NA,NA,2019-06-05,12700.3345813,"A","HGPN","Z5LL1905","PENINSULAR","PENINSULA",1.54,0.12,38
"86","Z5-LL-13005","FLLL19001-605",3394.4234037,0,NA,"LARGE LAKE","ZONE 5",280230.38826,812701.15686,3090101,"KISSIMMEE","Y",NA,NA,2019-06-12,2376.50281058,"A","HGPN","Z5LL1905","PENINSULAR","PENINSULA",1.54,0.12,38
"87","Z5-LL-13006","FLLL19001-606",3575.80277383,0,NA,"LARGE LAKE","ZONE 5",281241.55237,811234.99108,3090101,"KISSIMMEE","Y",NA,NA,2019-06-13,1390.45550243,"A","HGPN","Z5LL1905","PENINSULAR","PENINSULA",1.54,0.12,38
"88","Z5-LL-13007","FLLL19001-607",4233.44486044,0,NA,"LARGE LAKE","ZONE 5",275028.97749,811340.80708,3090101,"KISSIMMEE","N","UNABLE TO ACCESS","NO OPEN WATER AVAILABLE AT LAKE SAMPLING POINT",NA,12700.3345813,NA,"HGPN","Z5LL1905","PENINSULAR","PENINSULA",1.54,0.12,38
"89","Z5-LL-13008","FLLL19001-608",3394.4234037,0,NA,"LARGE LAKE","ZONE 5",274942.4767,812333.05557,3090101,"KISSIMMEE","Y",NA,NA,2019-06-20,3054.97130757,"A","HGPN","Z5LL1905","PENINSULAR","PENINSULA",1.54,0.12,38
"90","Z5-LL-13009","FLLL19001-609",4182.93278811,0,NA,"LARGE LAKE","ZONE 5",280902.12693,811501.9488,3090101,"KISSIMMEE","Y",NA,NA,2019-06-11,729.117565315,"A","HGPN","Z5LL1905","PENINSULAR","PENINSULA",1.54,0.12,38
"91","Z5-LL-13010","FLLL19001-610",3394.4234037,0,NA,"LARGE LAKE","ZONE 5",281926.44589,811518.62787,3090101,"KISSIMMEE","Y",NA,NA,2019-06-12,4751.79609294,"A","HGPN","Z5LL1905","PENINSULAR","PENINSULA",1.54,0.12,38
"92","Z5-LL-13011","FLLL19001-611",4233.44486044,0,NA,"LARGE LAKE","ZONE 5",275918.28083,811825.30749,3090101,"KISSIMMEE","Y",NA,NA,2019-06-05,12700.3345813,"A","HGPN","Z5LL1905","PENINSULAR","PENINSULA",1.54,0.12,38
"93","Z5-LL-13012","FLLL19001-612",3575.80277383,0,NA,"LARGE LAKE","ZONE 5",275639.82983,812425.13714,3090101,"KISSIMMEE","Y",NA,NA,2019-05-21,1834.56653301,"A","HGPN","Z5LL1905","PENINSULAR","PENINSULA",1.54,0.12,38
"94","Z5-LL-13013","FLLL19001-613",5731.91788164,0,NA,"LARGE LAKE","ZONE 5",281238.71338,812432.27962,3090101,"KISSIMMEE","Y",NA,NA,2019-06-13,7538.27143049,"A","HGPN","Z5LL1905","PENINSULAR","PENINSULA",1.54,0.12,38
"95","Z5-LL-13014","FLLL19001-614",4182.93278811,0,NA,"LARGE LAKE","ZONE 5",283058.79623,812457.6866,3090101,"KISSIMMEE","N","WRONG RESOURCE/NOT PART OF TARGET POPULATION","GIS COVERAGE INCORRECT, WATERBODY NOT PRESENT AT RANDOM LOCATION",NA,144.688446635,NA,"HGPN","Z5LL1905","PENINSULAR","PENINSULA",1.54,0.12,38
"96","Z5-LL-13015","FLLL19001-615",3575.80277383,0,NA,"LARGE LAKE","ZONE 5",275630.62044,812404.84866,3090101,"KISSIMMEE","Y",NA,NA,2019-05-21,1834.56653301,"A","HGPN","Z5LL1905","PENINSULAR","PENINSULA",1.54,0.12,38
"97","Z5-LL-13016","FLLL19001-616",5731.91788164,1,NA,"LARGE LAKE","ZONE 5",272442.31212,811644.89781,3090101,"KISSIMMEE","Y",NA,NA,2019-05-28,9657.48221442,"A","HGPN","Z5LL1905","PENINSULAR","PENINSULA",1.54,0.12,38
"98","Z5-LL-13017","FLLL19001-617",4182.93278811,1,NA,"LARGE LAKE","ZONE 5",282748.35277,813720.41192,3090101,"KISSIMMEE","Y",NA,NA,2019-06-10,192.457150524,"A","HGPN","Z5LL1905","PENINSULAR","PENINSULA",1.54,0.12,38
"99","Z6-LL-13001","FLLL19001-751",43111.938933,0,NA,"LARGE LAKE","ZONE 6",271116.37695,804544.02253,3090201,"LAKE OKEECHOBEE","N","UNABLE TO ACCESS","UNABLE TO GET EQUIPMENT TO RANDOM LOCATION",NA,129335.816799,NA,"HGPN","Z6LL1905","PENINSULAR","EVERGLADES",1.54,0.12,38
"100","Z6-LL-13002","FLLL19001-752",75.6940808173,0,NA,"LARGE LAKE","ZONE 6",264433.68961,800439.48785,3090202,"EVERGLADES","Y",NA,NA,2019-06-20,227.082242452,"A","HGPN","Z6LL1905","SOUTH","EVERGLADES",NA,NA,38
"101","Z6-LL-13003","FLLL19001-753",50.6997487187,0,NA,"LARGE LAKE","ZONE 6",263909.24887,800423.21598,3090202,"EVERGLADES","Y",NA,NA,2019-06-20,22.2666553944,"A","HGPN","Z6LL1905","SOUTH","EVERGLADES",NA,NA,38
"102","Z6-LL-13004","FLLL19001-754",50.6997487187,0,NA,"LARGE LAKE","ZONE 6",262917.34883,800436.00387,3090202,"EVERGLADES","Y",NA,NA,2019-05-20,58.5581184736,"A","HGPN","Z6LL1905","SOUTH","EVERGLADES",NA,NA,38
"103","Z6-LL-13005","FLLL19001-755",43111.938933,0,NA,"LARGE LAKE","ZONE 6",264917.02746,805227.63861,3090201,"LAKE OKEECHOBEE","Y",NA,NA,2019-05-22,129335.816799,"A","HGPN","Z6LL1905","PENINSULAR","EVERGLADES",1.54,0.12,38
"104","Z6-LL-13006","FLLL19001-756",54.2077389691,0,NA,"LARGE LAKE","ZONE 6",264253.99086,800431.6954,3090202,"EVERGLADES","Y",NA,NA,2019-06-18,162.623216907,"A","HGPN","Z6LL1905","SOUTH","EVERGLADES",NA,NA,38
"105","Z6-LL-13007","FLLL19001-757",50.4181418265,0,NA,"LARGE LAKE","ZONE 6",263433.75619,800442.36277,3090202,"EVERGLADES","Y",NA,NA,2019-05-20,151.25442548,"A","HGPN","Z6LL1905","SOUTH","EVERGLADES",NA,NA,38
"106","Z6-LL-13008","FLLL19001-758",50.6997487187,0,NA,"LARGE LAKE","ZONE 6",262850.03158,800500.20724,3090202,"EVERGLADES","Y",NA,NA,2019-05-20,58.5581184736,"A","HGPN","Z6LL1905","SOUTH","EVERGLADES",NA,NA,38
"107","Z6-LL-13009","FLLL19001-759",75.6940808173,0,NA,"LARGE LAKE","ZONE 6",264403.25535,800421.83242,3090202,"EVERGLADES","Y",NA,NA,2019-06-20,227.082242452,"A","HGPN","Z6LL1905","SOUTH","EVERGLADES",NA,NA,38
"108","Z6-LL-13010","FLLL19001-760",54.2077389691,0,NA,"LARGE LAKE","ZONE 6",264233.65645,800400.65638,3090202,"EVERGLADES","Y",NA,NA,2019-06-18,162.623216907,"A","HGPN","Z6LL1905","SOUTH","EVERGLADES",NA,NA,38
"109","Z6-LL-13011","FLLL19001-761",50.4181418265,0,NA,"LARGE LAKE","ZONE 6",263548.37443,800441.93014,3090202,"EVERGLADES","Y",NA,NA,2019-05-20,151.25442548,"A","HGPN","Z6LL1905","SOUTH","EVERGLADES",NA,NA,38
"110","Z6-LL-13012","FLLL19001-762",50.6997487187,0,NA,"LARGE LAKE","ZONE 6",264108.22747,804359.32951,3090201,"LAKE OKEECHOBEE","N","UNABLE TO ACCESS","UNABLE TO GET EQUIPMENT TO RANDOM LOCATION",NA,12.477000581,NA,"HGPN","Z6LL1905","PENINSULAR","EVERGLADES",1.54,0.12,38
"111","Z6-LL-13013","FLLL19001-763",75.6940808173,0,NA,"LARGE LAKE","ZONE 6",264440.27253,800450.84733,3090202,"EVERGLADES","Y",NA,NA,2019-06-20,227.082242452,"A","HGPN","Z6LL1905","SOUTH","EVERGLADES",NA,NA,38
"112","Z6-LL-13014","FLLL19001-764",54.2077389691,0,NA,"LARGE LAKE","ZONE 6",264225.34542,800410.75621,3090202,"EVERGLADES","Y",NA,NA,2019-06-18,162.623216907,"A","HGPN","Z6LL1905","SOUTH","EVERGLADES",NA,NA,38
"113","Z6-LL-13015","FLLL19001-765",50.4181418265,0,NA,"LARGE LAKE","ZONE 6",263652.89548,800437.1207,3090202,"EVERGLADES","Y",NA,NA,2019-05-20,151.25442548,"A","HGPN","Z6LL1905","SOUTH","EVERGLADES",NA,NA,38
"114","Z6-LL-13016","FLLL19001-766",43111.938933,1,NA,"LARGE LAKE","ZONE 6",270703.93398,804211.52461,3090201,"LAKE OKEECHOBEE","Y",NA,NA,2019-06-12,129335.816799,"A","HGPN","Z6LL1905","PENINSULAR","EVERGLADES",1.54,0.12,38
"115","Z6-LL-13017","FLLL19001-767",50.6997487187,1,NA,"LARGE LAKE","ZONE 6",272847.95122,804716.94908,3080101,"UPPER ST. JOHNS","N","WRONG RESOURCE/NOT PART OF TARGET POPULATION","WETLANDS",NA,10.7977540948,NA,"HGPN","Z6LL1905","PENINSULAR","PENINSULA",1.54,0.12,38
"116","Z6-LL-13018","FLLL19001-768",75.6940808173,1,NA,"LARGE LAKE","ZONE 6",264405.87434,800426.89001,3090202,"EVERGLADES","Y",NA,NA,2019-06-20,227.082242452,"A","HGPN","Z6LL1905","SOUTH","EVERGLADES",NA,NA,38
